productCode, description, name,dispensingUnit, packRoundingThreshold, packSize, roundToZero,netContent,productCode
GAMB00001,Halothane Inhalation liquid,Halothane Inhalation liquid,dispensingUnit:each,1,1,TRUE,1,GAMB00001
GAMB00002,Isoflurane 5% ,Isoflurane 5% ,dispensingUnit:each,1,1,TRUE,1,GAMB00002
GAMB00003,Ketamine 50mg/ml injection,Ketamine 50mg/ml injection,dispensingUnit:each,1,1,TRUE,1,GAMB00003
GAMB00004,Oxygen (medical grade) inhalation,Oxygen (medical grade) inhalation,dispensingUnit:each,1,1,TRUE,1,GAMB00004
GAMB00005,Propofol 1%,Propofol 1%,dispensingUnit:each,1,1,TRUE,1,GAMB00005
GAMB00006,Thiopentone Sodium 0.5g powder for injection,Thiopentone Sodium 0.5g powder for injection,dispensingUnit:each,1,1,TRUE,1,GAMB00006
GAMB00007,Bupivacaine 0.5% + Glucose 8%  injection (Spinal),Bupivacaine 0.5% + Glucose 8%  injection (Spinal),dispensingUnit:each,1,1,TRUE,1,GAMB00007
GAMB00008,Lignocaine 1% injection,Lignocaine 1% injection,dispensingUnit:each,1,1,TRUE,1,GAMB00008
GAMB00009,Lignocaine 2% injection,Lignocaine 2% injection,dispensingUnit:each,1,1,TRUE,1,GAMB00009
GAMB00010,"Lignocaine 2% + Adrenaline 1.100,000 injection","Lignocaine 2% + Adrenaline 1.100,000 injection",dispensingUnit:each,1,1,TRUE,1,GAMB00010
GAMB00011,"Lignociane 2% +Adrenaline 1: 80,000","Lignociane 2% +Adrenaline 1: 80,000",dispensingUnit:each,1,1,TRUE,1,GAMB00011
GAMB00012,Lignocaine 5% + Dextrose 7.5% injcetion (spinal),Lignocaine 5% + Dextrose 7.5% injcetion (spinal),dispensingUnit:each,1,1,TRUE,1,GAMB00012
GAMB00013,Atropine 0.5mg/ml injection,Atropine 0.5mg/ml injection,dispensingUnit:each,1,1,TRUE,1,GAMB00013
GAMB00014,Ephiderine 30mg/ml inj,Ephiderine 30mg/ml inj,dispensingUnit:each,1,1,TRUE,1,GAMB00014
GAMB00015,Midazolam 5mg/5ml inj,Midazolam 5mg/5ml inj,dispensingUnit:each,1,1,TRUE,1,GAMB00015
GAMB00016,Aspirin (Acetylsalicylic Acid) 300mg tablets,Aspirin (Acetylsalicylic Acid) 300mg tablets,dispensingUnit:each,1,1,TRUE,1,GAMB00016
GAMB00017,Diclofenac 50mg and 100mg tablets,Diclofenac 50mg and 100mg tablets,dispensingUnit:each,1,1,TRUE,1,GAMB00017
GAMB00018,Diclofenac 75mg/ml injection,Diclofenac 75mg/ml injection,dispensingUnit:each,1,1,TRUE,1,GAMB00018
GAMB00019,Ibuprofen 200mg/ 400mg tablets,Ibuprofen 200mg/ 400mg tablets,dispensingUnit:each,1,1,TRUE,1,GAMB00019
GAMB00020,Paracetamol (Acetaminophen) 100mg tablets,Paracetamol (Acetaminophen) 100mg tablets,dispensingUnit:each,1,1,TRUE,1,GAMB00020
GAMB00021,Paracetamol (Acetaminophen) 500mg tablets,Paracetamol (Acetaminophen) 500mg tablets,dispensingUnit:each,1,1,TRUE,1,GAMB00021
GAMB00022,Paracetamol (Acetaminophen) 125mg/5ml syrup,Paracetamol (Acetaminophen) 125mg/5ml syrup,dispensingUnit:each,1,1,TRUE,1,GAMB00022
GAMB00023,Paracetamol (Acetaminophen) 125mg suppositories,Paracetamol (Acetaminophen) 125mg suppositories,dispensingUnit:each,1,1,TRUE,1,GAMB00023
GAMB00024,Fentanyl 0.5mg/5ml,Fentanyl 0.5mg/5ml,dispensingUnit:each,1,1,TRUE,1,GAMB00024
GAMB00025,Morphine 15mg/ml 2ml ampule,Morphine 15mg/ml 2ml ampule,dispensingUnit:each,1,1,TRUE,1,GAMB00025
GAMB00026,Morphine Sulphate 10mg tablets,Morphine Sulphate 10mg tablets,dispensingUnit:each,1,1,TRUE,1,GAMB00026
GAMB00027,Pentazocine 30mg inj,Pentazocine 30mg inj,dispensingUnit:each,1,1,TRUE,1,GAMB00027
GAMB00028,Pethidine 50mg/ml / 100mg/ml amp,Pethidine 50mg/ml / 100mg/ml amp,dispensingUnit:each,1,1,TRUE,1,GAMB00028
GAMB00029,Tramadol Hydrochloride 50mg tablet,Tramadol Hydrochloride 50mg tablet,dispensingUnit:each,1,1,TRUE,1,GAMB00029
GAMB00030,Tramadol Hydrochloride 50mg /ml injection,Tramadol Hydrochloride 50mg /ml injection,dispensingUnit:each,1,1,TRUE,1,GAMB00030
GAMB00031,Adrenaline (Epinephrine) 1mg/ml injection,Adrenaline (Epinephrine) 1mg/ml injection,dispensingUnit:each,1,1,TRUE,1,GAMB00031
GAMB00032,Chlorpheniramine 4mg tablets,Chlorpheniramine 4mg tablets,dispensingUnit:each,1,1,TRUE,1,GAMB00032
GAMB00033,"Dexamethasone Sodium Phosphate 4mg/ml injcetion,","Dexamethasone Sodium Phosphate 4mg/ml injcetion,",dispensingUnit:each,1,1,TRUE,1,GAMB00033
GAMB00034,Hydrocortisone Sodium Succinate 100mg powder for injection amps,Hydrocortisone Sodium Succinate 100mg powder for injection amps,dispensingUnit:each,1,1,TRUE,1,GAMB00034
GAMB00035,Prednisole 5mg tablets,Prednisole 5mg tablets,dispensingUnit:each,1,1,TRUE,1,GAMB00035
GAMB00036,Promethazine 25mg tablets,Promethazine 25mg tablets,dispensingUnit:each,1,1,TRUE,1,GAMB00036
GAMB00037,Promethazine 5mg/5ml syrup,Promethazine 5mg/5ml syrup,dispensingUnit:each,1,1,TRUE,1,GAMB00037
GAMB00038,Promethazine 25mg/ml injection,Promethazine 25mg/ml injection,dispensingUnit:each,1,1,TRUE,1,GAMB00038
GAMB00039,Activated Charcoal Powder,Activated Charcoal Powder,dispensingUnit:each,1,1,TRUE,1,GAMB00039
GAMB00040,Atropine 0.5mg/ml injection,Atropine 0.5mg/ml injection,dispensingUnit:each,1,1,TRUE,1,GAMB00040
GAMB00041,Calcium gluconate 10% inj,Calcium gluconate 10% inj,dispensingUnit:each,1,1,TRUE,1,GAMB00041
GAMB00042,Desferoxamine 500mg inj,Desferoxamine 500mg inj,dispensingUnit:each,1,1,TRUE,1,GAMB00042
GAMB00043,Naloxone 0.4mg/ml inj,Naloxone 0.4mg/ml inj,dispensingUnit:each,1,1,TRUE,1,GAMB00043
GAMB00044,N Acetyl cysteine 200mg/ml,N Acetyl cysteine 200mg/ml,dispensingUnit:each,1,1,TRUE,1,GAMB00044
GAMB00045,Protamine sulphate 10mg/ml,Protamine sulphate 10mg/ml,dispensingUnit:each,1,1,TRUE,1,GAMB00045
GAMB00046,Carbamazapine 200mg tablets,Carbamazapine 200mg tablets,dispensingUnit:each,1,1,TRUE,1,GAMB00046
GAMB00047,Diazepam 5mg/ml injection,Diazepam 5mg/ml injection,dispensingUnit:each,1,1,TRUE,1,GAMB00047
GAMB00048,Diazepam 5mg Tablets,Diazepam 5mg Tablets,dispensingUnit:each,1,1,TRUE,1,GAMB00048
GAMB00049,Diazepam rectal supp ,Diazepam rectal supp ,dispensingUnit:each,1,1,TRUE,1,GAMB00049
GAMB00050,Phenobarbitone 30mg / 100mg tablets,Phenobarbitone 30mg / 100mg tablets,dispensingUnit:each,1,1,TRUE,1,GAMB00050
GAMB00051,Phenobartbitone 200mg/2ml Inj,Phenobartbitone 200mg/2ml Inj,dispensingUnit:each,1,1,TRUE,1,GAMB00051
GAMB00052,Phenytoin 100mg tablets,Phenytoin 100mg tablets,dispensingUnit:each,1,1,TRUE,1,GAMB00052
GAMB00053,Phenytoin 50mg/ml Inj,Phenytoin 50mg/ml Inj,dispensingUnit:each,1,1,TRUE,1,GAMB00053
GAMB00054,Sodium Valproate 200mg tablets,Sodium Valproate 200mg tablets,dispensingUnit:each,1,1,TRUE,1,GAMB00054
GAMB00055,Albendazole 200mg tablets,Albendazole 200mg tablets,dispensingUnit:each,1,1,TRUE,1,GAMB00055
GAMB00056,Levamisole 40mg tablets,Levamisole 40mg tablets,dispensingUnit:each,1,1,TRUE,1,GAMB00056
GAMB00057,Mebendazole 100mg/ 500mg tablets,Mebendazole 100mg/ 500mg tablets,dispensingUnit:each,1,1,TRUE,1,GAMB00057
GAMB00058,Niclosamide 500mg tablets,Niclosamide 500mg tablets,dispensingUnit:each,1,1,TRUE,1,GAMB00058
GAMB00059,Thaibendazole 500mg tablets,Thaibendazole 500mg tablets,dispensingUnit:each,1,1,TRUE,1,GAMB00059
GAMB00060,Diethylcarbamazine 50mg tablets,Diethylcarbamazine 50mg tablets,dispensingUnit:each,1,1,TRUE,1,GAMB00060
GAMB00061,Ivermectine,Ivermectine,dispensingUnit:each,1,1,TRUE,1,GAMB00061
GAMB00062,Praziquantel 600mg tablets,Praziquantel 600mg tablets,dispensingUnit:each,1,1,TRUE,1,GAMB00062
GAMB00063,Amoxycillin 250mg/ 500mg capsules,Amoxycillin 250mg/ 500mg capsules,dispensingUnit:each,1,1,TRUE,1,GAMB00063
GAMB00064,Amoxicillin 125mg/5ml powder for syrup,Amoxicillin 125mg/5ml powder for syrup,dispensingUnit:each,1,1,TRUE,1,GAMB00064
GAMB00065,"Ampicillin 1g/ 500mg powder for injection, vial","Ampicillin 1g/ 500mg powder for injection, vial",dispensingUnit:each,1,1,TRUE,1,GAMB00065
GAMB00066,Ampiclox 500mg capsules,Ampiclox 500mg capsules,dispensingUnit:each,1,1,TRUE,1,GAMB00066
GAMB00067,Ampiclox 250mg/5ml syrup,Ampiclox 250mg/5ml syrup,dispensingUnit:each,1,1,TRUE,1,GAMB00067
GAMB00068,Benzathine penicillin 1.44 g/2.4 MU powder for injection,Benzathine penicillin 1.44 g/2.4 MU powder for injection,dispensingUnit:each,1,1,TRUE,1,GAMB00068
GAMB00069,Benzylpenicillin 600mg/1 MU powder for injection,Benzylpenicillin 600mg/1 MU powder for injection,dispensingUnit:each,1,1,TRUE,1,GAMB00069
GAMB00070,Cloxacillin 250mg tablets/capsules,Cloxacillin 250mg tablets/capsules,dispensingUnit:each,1,1,TRUE,1,GAMB00070
GAMB00071,Cloxacillin 500mg powder for injection,Cloxacillin 500mg powder for injection,dispensingUnit:each,1,1,TRUE,1,GAMB00071
GAMB00072,Cloxacillin 125mg/5ml powder for syrup,Cloxacillin 125mg/5ml powder for syrup,dispensingUnit:each,1,1,TRUE,1,GAMB00072
GAMB00073,Flucloxacillin 250mg capsules,Flucloxacillin 250mg capsules,dispensingUnit:each,1,1,TRUE,1,GAMB00073
GAMB00074,Flucloxacillin 500mg powder for injection vial,Flucloxacillin 500mg powder for injection vial,dispensingUnit:each,1,1,TRUE,1,GAMB00074
GAMB00075,Phonoxymethylpenicillin (Penicillin V) 250mg tablets,Phonoxymethylpenicillin (Penicillin V) 250mg tablets,dispensingUnit:each,1,1,TRUE,1,GAMB00075
GAMB00076,Procaine Penicillin Fortified 4MU powder for injection (3MU+1MU),Procaine Penicillin Fortified 4MU powder for injection (3MU+1MU),dispensingUnit:each,1,1,TRUE,1,GAMB00076
GAMB00077,Azithromycin 200mg/5ml syrup,Azithromycin 200mg/5ml syrup,dispensingUnit:each,1,1,TRUE,1,GAMB00077
GAMB00078,Azithromycin 250mg tablets,Azithromycin 250mg tablets,dispensingUnit:each,1,1,TRUE,1,GAMB00078
GAMB00079,Cefuroxime  750mg powder for Injection,Cefuroxime  750mg powder for Injection,dispensingUnit:each,1,1,TRUE,1,GAMB00079
GAMB00080,"Ceftriaxone 1gm/ 500mg powder for injection, vial","Ceftriaxone 1gm/ 500mg powder for injection, vial",dispensingUnit:each,1,1,TRUE,1,GAMB00080
GAMB00081,Ceftazidime 1gm inj,Ceftazidime 1gm inj,dispensingUnit:each,1,1,TRUE,1,GAMB00081
GAMB00082,Chloramphenicol 250mg capsules,Chloramphenicol 250mg capsules,dispensingUnit:each,1,1,TRUE,1,GAMB00082
GAMB00083,"Chloramphenicol 1g, powder for injection","Chloramphenicol 1g, powder for injection",dispensingUnit:each,1,1,TRUE,1,GAMB00083
GAMB00084,Ciprofloxacin 250mg/500mg tablets,Ciprofloxacin 250mg/500mg tablets,dispensingUnit:each,1,1,TRUE,1,GAMB00084
GAMB00085,Ciprofloxacin 2mg/ml 100ml vial,Ciprofloxacin 2mg/ml 100ml vial,dispensingUnit:each,1,1,TRUE,1,GAMB00085
GAMB00086,Clindamycin 150mg inj,Clindamycin 150mg inj,dispensingUnit:each,1,1,TRUE,1,GAMB00086
GAMB00087,Clindamycin tablets 300mg,Clindamycin tablets 300mg,dispensingUnit:each,1,1,TRUE,1,GAMB00087
GAMB00088,Doxycycline 100mg tablets/capsules,Doxycycline 100mg tablets/capsules,dispensingUnit:each,1,1,TRUE,1,GAMB00088
GAMB00089,Erythromycin 250mg (as stearate) tablets/capsules,Erythromycin 250mg (as stearate) tablets/capsules,dispensingUnit:each,1,1,TRUE,1,GAMB00089
GAMB00090,Erythromycin   125mg/5ml (as ethyl succinate) syrup,Erythromycin   125mg/5ml (as ethyl succinate) syrup,dispensingUnit:each,1,1,TRUE,1,GAMB00090
GAMB00091,Gentamycin 40mg/ml injection,Gentamycin 40mg/ml injection,dispensingUnit:each,1,1,TRUE,1,GAMB00091
GAMB00092,Metronidazole 250mg/500mg tablets,Metronidazole 250mg/500mg tablets,dispensingUnit:each,1,1,TRUE,1,GAMB00092
GAMB00093,Metronidazole 125mg/5ml powder for syrup,Metronidazole 125mg/5ml powder for syrup,dispensingUnit:each,1,1,TRUE,1,GAMB00093
GAMB00094,"Metronidazole 5mg/ml injcetion, 100ml","Metronidazole 5mg/ml injcetion, 100ml",dispensingUnit:each,1,1,TRUE,1,GAMB00094
GAMB00095,Nitrofurantoin 100mg tablets,Nitrofurantoin 100mg tablets,dispensingUnit:each,1,1,TRUE,1,GAMB00095
GAMB00096,Sulphamethozaxole 400mg/Trimethoprim 80mg tablets (Co-trimoxazole),Sulphamethozaxole 400mg/Trimethoprim 80mg tablets (Co-trimoxazole),dispensingUnit:each,1,1,TRUE,1,GAMB00096
GAMB00097,Sulphamethozaxole 100mg/Trimethoprim 20mg tablets (Co-trimoxazole),Sulphamethozaxole 100mg/Trimethoprim 20mg tablets (Co-trimoxazole),dispensingUnit:each,1,1,TRUE,1,GAMB00097
GAMB00098,Sulphamethozaxole 200mg/Trimethoprim 40mg per 5ml suspension,Sulphamethozaxole 200mg/Trimethoprim 40mg per 5ml suspension,dispensingUnit:each,1,1,TRUE,1,GAMB00098
GAMB00099,Vancomycin 125mg capsules,Vancomycin 125mg capsules,dispensingUnit:each,1,1,TRUE,1,GAMB00099
GAMB00100,Vancomycin 1g inj,Vancomycin 1g inj,dispensingUnit:each,1,1,TRUE,1,GAMB00100
GAMB00101,Clofazimine(Lamprene) 50mg capsules,Clofazimine(Lamprene) 50mg capsules,dispensingUnit:each,1,1,TRUE,1,GAMB00101
GAMB00102,Dapsone 100mg tablets,Dapsone 100mg tablets,dispensingUnit:each,1,1,TRUE,1,GAMB00102
GAMB00103,Ethambutol 400mg tablets,Ethambutol 400mg tablets,dispensingUnit:each,1,1,TRUE,1,GAMB00103
GAMB00104,Isoniazid 100mg tablets,Isoniazid 100mg tablets,dispensingUnit:each,1,1,TRUE,1,GAMB00104
GAMB00105,Isoniazid 300mg tablets,Isoniazid 300mg tablets,dispensingUnit:each,1,1,TRUE,1,GAMB00105
GAMB00106,Pyrazinamide 400mg tablets,Pyrazinamide 400mg tablets,dispensingUnit:each,1,1,TRUE,1,GAMB00106
GAMB00107,Rifampicin 150mg tablets/capsules,Rifampicin 150mg tablets/capsules,dispensingUnit:each,1,1,TRUE,1,GAMB00107
GAMB00108,Rifampicin 300mg tablets/capsules,Rifampicin 300mg tablets/capsules,dispensingUnit:each,1,1,TRUE,1,GAMB00108
GAMB00109,Rifampicin 300mg/Isoniazid 150mg tablets,Rifampicin 300mg/Isoniazid 150mg tablets,dispensingUnit:each,1,1,TRUE,1,GAMB00109
GAMB00110,Rifampicin 150mg/Isoniazid 150mg,Rifampicin 150mg/Isoniazid 150mg,dispensingUnit:each,1,1,TRUE,1,GAMB00110
GAMB00111,Streptomycin 1g powder for injection,Streptomycin 1g powder for injection,dispensingUnit:each,1,1,TRUE,1,GAMB00111
GAMB00112,"Amikacin sulphate 250mg/ml, 2ml vial","Amikacin sulphate 250mg/ml, 2ml vial",dispensingUnit:each,1,1,TRUE,1,GAMB00112
GAMB00113,"Kanamycin Sulphate powder for injection, Igm vial","Kanamycin Sulphate powder for injection, Igm vial",dispensingUnit:each,1,1,TRUE,1,GAMB00113
GAMB00114,Capreomycin Sulphate 1 MU powder for injection(1gm) vial,Capreomycin Sulphate 1 MU powder for injection(1gm) vial,dispensingUnit:each,1,1,TRUE,1,GAMB00114
GAMB00115,Ofloxacin 200mg tablets,Ofloxacin 200mg tablets,dispensingUnit:each,1,1,TRUE,1,GAMB00115
GAMB00116,"Ofloxacin  Hydrochloride 2mg/ml, 50ml","Ofloxacin  Hydrochloride 2mg/ml, 50ml",dispensingUnit:each,1,1,TRUE,1,GAMB00116
GAMB00117,Benzoic acid/ Salicylic acid comp ointment 6%/3%,Benzoic acid/ Salicylic acid comp ointment 6%/3%,dispensingUnit:each,1,1,TRUE,1,GAMB00117
GAMB00118,Clotrimazole 500mg Vaginal tablets with applicator,Clotrimazole 500mg Vaginal tablets with applicator,dispensingUnit:each,1,1,TRUE,1,GAMB00118
GAMB00119,Clotrimazole 1% cream,Clotrimazole 1% cream,dispensingUnit:each,1,1,TRUE,1,GAMB00119
GAMB00120,Fluconazole 50mg Capsule,Fluconazole 50mg Capsule,dispensingUnit:each,1,1,TRUE,1,GAMB00120
GAMB00121,Griseofulvin 125mg tablets,Griseofulvin 125mg tablets,dispensingUnit:each,1,1,TRUE,1,GAMB00121
GAMB00122,Griseofulvin 250mg tablets,Griseofulvin 250mg tablets,dispensingUnit:each,1,1,TRUE,1,GAMB00122
GAMB00123,Ketoconazole 200mg tablets,Ketoconazole 200mg tablets,dispensingUnit:each,1,1,TRUE,1,GAMB00123
GAMB00124,Ketoconazole cream 1%,Ketoconazole cream 1%,dispensingUnit:each,1,1,TRUE,1,GAMB00124
GAMB00125,Miconazole 2% cream,Miconazole 2% cream,dispensingUnit:each,1,1,TRUE,1,GAMB00125
GAMB00126,"Nystatin 100,000 iu oral suspension,","Nystatin 100,000 iu oral suspension,",dispensingUnit:each,1,1,TRUE,1,GAMB00126
GAMB00127,"Nystatin 500,000 iu tablets ","Nystatin 500,000 iu tablets ",dispensingUnit:each,1,1,TRUE,1,GAMB00127
GAMB00128,"Nystatin 100,000 iu tablets","Nystatin 100,000 iu tablets",dispensingUnit:each,1,1,TRUE,1,GAMB00128
GAMB00129,Metronidazole 250mg tablets ,Metronidazole 250mg tablets ,dispensingUnit:each,1,1,TRUE,1,GAMB00129
GAMB00130,Metronidazole 125mg/5ml powder for syrup,Metronidazole 125mg/5ml powder for syrup,dispensingUnit:each,1,1,TRUE,1,GAMB00130
GAMB00131,"Metronidazole 5mg/ml injection, 100ml","Metronidazole 5mg/ml injection, 100ml",dispensingUnit:each,1,1,TRUE,1,GAMB00131
GAMB00132,Metronidazole 500mg vaginal tablets,Metronidazole 500mg vaginal tablets,dispensingUnit:each,1,1,TRUE,1,GAMB00132
GAMB00133,Artemether/Lumefantrine 20/120mg,Artemether/Lumefantrine 20/120mg,dispensingUnit:each,1,1,TRUE,1,GAMB00133
GAMB00134,Artesunate 60mg/5ml inj,Artesunate 60mg/5ml inj,dispensingUnit:each,1,1,TRUE,1,GAMB00134
GAMB00135,Artesunate 100mg  suppositories,Artesunate 100mg  suppositories,dispensingUnit:each,1,1,TRUE,1,GAMB00135
GAMB00136,Artesunate/Amodiaquine 50mg/150mg&200mg/150mg base tablet,Artesunate/Amodiaquine 50mg/150mg&200mg/150mg base tablet,dispensingUnit:each,1,1,TRUE,1,GAMB00136
GAMB00137,Pyrimethamine 25mg tablets,Pyrimethamine 25mg tablets,dispensingUnit:each,1,1,TRUE,1,GAMB00137
GAMB00138,Quinine 300mg  tablets,Quinine 300mg  tablets,dispensingUnit:each,1,1,TRUE,1,GAMB00138
GAMB00139,"Quinine 300mg /ml  injection , 2ml","Quinine 300mg /ml  injection , 2ml",dispensingUnit:each,1,1,TRUE,1,GAMB00139
GAMB00140,Sulphadoxine 500mg/Pyrimethamine 25mg tablets,Sulphadoxine 500mg/Pyrimethamine 25mg tablets,dispensingUnit:each,1,1,TRUE,1,GAMB00140
GAMB00141,Azathioprine 50mg tabs,Azathioprine 50mg tabs,dispensingUnit:each,1,1,TRUE,1,GAMB00141
GAMB00142,"Cisplatin 1mg/ml injection, 50ml","Cisplatin 1mg/ml injection, 50ml",dispensingUnit:each,1,1,TRUE,1,GAMB00142
GAMB00143,Cyclophosphamide 50omg powder for injection,Cyclophosphamide 50omg powder for injection,dispensingUnit:each,1,1,TRUE,1,GAMB00143
GAMB00144,"Cytarabine 100mg/ml injection, iml","Cytarabine 100mg/ml injection, iml",dispensingUnit:each,1,1,TRUE,1,GAMB00144
GAMB00145,Doxorubicin 2mg/ml for inj,Doxorubicin 2mg/ml for inj,dispensingUnit:each,1,1,TRUE,1,GAMB00145
GAMB00146,"Fluorouracil 25mg/ml injcetion, 10ml","Fluorouracil 25mg/ml injcetion, 10ml",dispensingUnit:each,1,1,TRUE,1,GAMB00146
GAMB00147,Letrozole 2.5mg tabs,Letrozole 2.5mg tabs,dispensingUnit:each,1,1,TRUE,1,GAMB00147
GAMB00148,Mercaptopurine 50mg tabs,Mercaptopurine 50mg tabs,dispensingUnit:each,1,1,TRUE,1,GAMB00148
GAMB00149,Methotrexate 10mg tablets,Methotrexate 10mg tablets,dispensingUnit:each,1,1,TRUE,1,GAMB00149
GAMB00150,Methotrexate 50mg/2ml injcetion,Methotrexate 50mg/2ml injcetion,dispensingUnit:each,1,1,TRUE,1,GAMB00150
GAMB00151,Procarbazine 50mg capsules/tablets,Procarbazine 50mg capsules/tablets,dispensingUnit:each,1,1,TRUE,1,GAMB00151
GAMB00152,Tamoxifen 20mg tabs,Tamoxifen 20mg tabs,dispensingUnit:each,1,1,TRUE,1,GAMB00152
GAMB00153,Vincristine 50mg/2ml inj,Vincristine 50mg/2ml inj,dispensingUnit:each,1,1,TRUE,1,GAMB00153
GAMB00154,"Dexamethasone Sodium Phosphate 4mg/ml injcetion, 1ml","Dexamethasone Sodium Phosphate 4mg/ml injcetion, 1ml",dispensingUnit:each,1,1,TRUE,1,GAMB00154
GAMB00155,Hydrocortisone Sodium Succinate 100mg powder for injection,Hydrocortisone Sodium Succinate 100mg powder for injection,dispensingUnit:each,1,1,TRUE,1,GAMB00155
GAMB00156,Prednisolone 5mg tablets,Prednisolone 5mg tablets,dispensingUnit:each,1,1,TRUE,1,GAMB00156
GAMB00157,Tamoxifen 10mg tablets,Tamoxifen 10mg tablets,dispensingUnit:each,1,1,TRUE,1,GAMB00157
GAMB00158,Benzhexol 2mg tablets,Benzhexol 2mg tablets,dispensingUnit:each,1,1,TRUE,1,GAMB00158
GAMB00159,Benztropine mesylate 1mg/ml inj,Benztropine mesylate 1mg/ml inj,dispensingUnit:each,1,1,TRUE,1,GAMB00159
GAMB00160,FerrosFumerate 140mg/5ml  syrup,FerrosFumerate 140mg/5ml  syrup,dispensingUnit:each,1,1,TRUE,1,GAMB00160
GAMB00161,Ferrous Sulphate 200mg (60mg Ferrous iron) tablets,Ferrous Sulphate 200mg (60mg Ferrous iron) tablets,dispensingUnit:each,1,1,TRUE,1,GAMB00161
GAMB00162,Ferrous Sulphate 200mg/Folic Acid 0.25mg tablets,Ferrous Sulphate 200mg/Folic Acid 0.25mg tablets,dispensingUnit:each,1,1,TRUE,1,GAMB00162
GAMB00163,Folic Acid 5mg tablets,Folic Acid 5mg tablets,dispensingUnit:each,1,1,TRUE,1,GAMB00163
GAMB00164,"Cyanacobalamin (Vitamin B12 ) 1mg/ml injcetion, 1ml","Cyanacobalamin (Vitamin B12 ) 1mg/ml injcetion, 1ml",dispensingUnit:each,1,1,TRUE,1,GAMB00164
GAMB00165,"Iron Dextran 50mg ferrous iron/ml injection, 5ml ","Iron Dextran 50mg ferrous iron/ml injection, 5ml ",dispensingUnit:each,1,1,TRUE,1,GAMB00165
GAMB00166,Aspirin (Acetylsalicylic acid) 75mg tablets,Aspirin (Acetylsalicylic acid) 75mg tablets,dispensingUnit:each,1,1,TRUE,1,GAMB00166
GAMB00167,Aspirin (Acetylsalicylic acid) 300mg tablets,Aspirin (Acetylsalicylic acid) 300mg tablets,dispensingUnit:each,1,1,TRUE,1,GAMB00167
GAMB00168,Dipyridamole 25mg/100mg tablets,Dipyridamole 25mg/100mg tablets,dispensingUnit:each,1,1,TRUE,1,GAMB00168
GAMB00169,"Heparin inj 500 iu/ml injcetion, 5ml","Heparin inj 500 iu/ml injcetion, 5ml",dispensingUnit:each,1,1,TRUE,1,GAMB00169
GAMB00170,"Phytomenadione (Vitamin K) 10mg/ml injcetion, 1ml","Phytomenadione (Vitamin K) 10mg/ml injcetion, 1ml",dispensingUnit:each,1,1,TRUE,1,GAMB00170
GAMB00171,Warfarin 5mg / 1mg tablets,Warfarin 5mg / 1mg tablets,dispensingUnit:each,1,1,TRUE,1,GAMB00171
GAMB00172,Tranexamic acid 500mg inj 5ml,Tranexamic acid 500mg inj 5ml,dispensingUnit:each,1,1,TRUE,1,GAMB00172
GAMB00173,"Dextran ""70"" 6% Sodium Chloride 0.9% infusion, ","Dextran ""70"" 6% Sodium Chloride 0.9% infusion, ",dispensingUnit:each,1,1,TRUE,1,GAMB00173
GAMB00174,"GlycerylTrinitrate (Nitroglycerine) 0.5mCg tablets, Sublingual","GlycerylTrinitrate (Nitroglycerine) 0.5mCg tablets, Sublingual",dispensingUnit:each,1,1,TRUE,1,GAMB00174
GAMB00175,GlycerylTrinitrate (Nitroglycerine) 1mg/ml inj,GlycerylTrinitrate (Nitroglycerine) 1mg/ml inj,dispensingUnit:each,1,1,TRUE,1,GAMB00175
GAMB00176,IsosorbideDinitrate 10mg tablets,IsosorbideDinitrate 10mg tablets,dispensingUnit:each,1,1,TRUE,1,GAMB00176
GAMB00177,Nifedipine 10mg ablets /capsules,Nifedipine 10mg ablets /capsules,dispensingUnit:each,1,1,TRUE,1,GAMB00177
GAMB00178,Propranolol 40mg tablets,Propranolol 40mg tablets,dispensingUnit:each,1,1,TRUE,1,GAMB00178
GAMB00179,Verapamil 40mg tablets,Verapamil 40mg tablets,dispensingUnit:each,1,1,TRUE,1,GAMB00179
GAMB00180,Amiodarone 200mg tablets,Amiodarone 200mg tablets,dispensingUnit:each,1,1,TRUE,1,GAMB00180
GAMB00181,Atenolol 50mg tablets,Atenolol 50mg tablets,dispensingUnit:each,1,1,TRUE,1,GAMB00181
GAMB00182,Propranolol 40mg tablets,Propranolol 40mg tablets,dispensingUnit:each,1,1,TRUE,1,GAMB00182
GAMB00183,Verapamil 40mg tablets,Verapamil 40mg tablets,dispensingUnit:each,1,1,TRUE,1,GAMB00183
GAMB00184,Atenolol 50mg tablets,Atenolol 50mg tablets,dispensingUnit:each,1,1,TRUE,1,GAMB00184
GAMB00185,Amlodipine 5mg tablets,Amlodipine 5mg tablets,dispensingUnit:each,1,1,TRUE,1,GAMB00185
GAMB00186,Captopril 25mg tablets,Captopril 25mg tablets,dispensingUnit:each,1,1,TRUE,1,GAMB00186
GAMB00187,Bendrofluazide 5mg tablets,Bendrofluazide 5mg tablets,dispensingUnit:each,1,1,TRUE,1,GAMB00187
GAMB00188,Enalapril 5mg tabs,Enalapril 5mg tabs,dispensingUnit:each,1,1,TRUE,1,GAMB00188
GAMB00189,Frusemide 40mg tablets,Frusemide 40mg tablets,dispensingUnit:each,1,1,TRUE,1,GAMB00189
GAMB00190,Frusemide 20mg/2ml injection,Frusemide 20mg/2ml injection,dispensingUnit:each,1,1,TRUE,1,GAMB00190
GAMB00191,Hydralazine 25mg tablets,Hydralazine 25mg tablets,dispensingUnit:each,1,1,TRUE,1,GAMB00191
GAMB00192,"Hydralazine 20mg/ml injcetion, 1ml","Hydralazine 20mg/ml injcetion, 1ml",dispensingUnit:each,1,1,TRUE,1,GAMB00192
GAMB00193,Hydrochlorothiazide 50mg/ 25mg tablets,Hydrochlorothiazide 50mg/ 25mg tablets,dispensingUnit:each,1,1,TRUE,1,GAMB00193
GAMB00194,Methyldopa 250mg tablets,Methyldopa 250mg tablets,dispensingUnit:each,1,1,TRUE,1,GAMB00194
GAMB00195,Nifedipine 10mg/20mg tablets/capsules,Nifedipine 10mg/20mg tablets/capsules,dispensingUnit:each,1,1,TRUE,1,GAMB00195
GAMB00196,Propranolol 40mg tablets,Propranolol 40mg tablets,dispensingUnit:each,1,1,TRUE,1,GAMB00196
GAMB00197,Propanolol 1mg/ml inj,Propanolol 1mg/ml inj,dispensingUnit:each,1,1,TRUE,1,GAMB00197
GAMB00198,Spironolactone 25mg tablets,Spironolactone 25mg tablets,dispensingUnit:each,1,1,TRUE,1,GAMB00198
GAMB00199,Verapamil 40mg tablets,Verapamil 40mg tablets,dispensingUnit:each,1,1,TRUE,1,GAMB00199
GAMB00200,Digoxin 0.25mg tablets,Digoxin 0.25mg tablets,dispensingUnit:each,1,1,TRUE,1,GAMB00200
GAMB00201,"Digoxin 0.25mg /ml injcetion, 2ml","Digoxin 0.25mg /ml injcetion, 2ml",dispensingUnit:each,1,1,TRUE,1,GAMB00201
GAMB00202,"Dopamine 40mg/ml injcetion, 5ml","Dopamine 40mg/ml injcetion, 5ml",dispensingUnit:each,1,1,TRUE,1,GAMB00202
GAMB00203,Benzoic Acid 6% Salicylic Acid 3% Ointment (Whitfields Ointment),Benzoic Acid 6% Salicylic Acid 3% Ointment (Whitfields Ointment),dispensingUnit:each,1,1,TRUE,1,GAMB00203
GAMB00204,Clotrimazole 1% cream,Clotrimazole 1% cream,dispensingUnit:each,1,1,TRUE,1,GAMB00204
GAMB00205,Miconazole 2% cream ,Miconazole 2% cream ,dispensingUnit:each,1,1,TRUE,1,GAMB00205
GAMB00206,"Nystatin 100,000 iu/g Ointment","Nystatin 100,000 iu/g Ointment",dispensingUnit:each,1,1,TRUE,1,GAMB00206
GAMB00207,Chlorhexidine 1% antiseptic cream,Chlorhexidine 1% antiseptic cream,dispensingUnit:each,1,1,TRUE,1,GAMB00207
GAMB00208,Crystal Violet (Gentian Violet) paint,Crystal Violet (Gentian Violet) paint,dispensingUnit:each,1,1,TRUE,1,GAMB00208
GAMB00209,Neomycin 0.5% /Bacitracin 500iu/g Ointment,Neomycin 0.5% /Bacitracin 500iu/g Ointment,dispensingUnit:each,1,1,TRUE,1,GAMB00209
GAMB00210,Silver Sulphadiazine 1% cream,Silver Sulphadiazine 1% cream,dispensingUnit:each,1,1,TRUE,1,GAMB00210
GAMB00211,Tetracycline 3% ointment,Tetracycline 3% ointment,dispensingUnit:each,1,1,TRUE,1,GAMB00211
GAMB00212,Betamethasone 0.1% Ointment ,Betamethasone 0.1% Ointment ,dispensingUnit:each,1,1,TRUE,1,GAMB00212
GAMB00213,Calamine Lotion BP ,Calamine Lotion BP ,dispensingUnit:each,1,1,TRUE,1,GAMB00213
GAMB00214,Hydrocortisone 1% cream,Hydrocortisone 1% cream,dispensingUnit:each,1,1,TRUE,1,GAMB00214
GAMB00215,Lubricating Jelly,Lubricating Jelly,dispensingUnit:each,1,1,TRUE,1,GAMB00215
GAMB00216,"Paraffin, soft White BP","Paraffin, soft White BP",dispensingUnit:each,1,1,TRUE,1,GAMB00216
GAMB00217,Zinc Oxide 10% Ointment,Zinc Oxide 10% Ointment,dispensingUnit:each,1,1,TRUE,1,GAMB00217
GAMB00218,"Silver Nitrate 95% caustic pencil, single","Silver Nitrate 95% caustic pencil, single",dispensingUnit:each,1,1,TRUE,1,GAMB00218
GAMB00219,Podophyllin 2-10%,Podophyllin 2-10%,dispensingUnit:each,1,1,TRUE,1,GAMB00219
GAMB00220,Benzyl Benzoate 25% application,Benzyl Benzoate 25% application,dispensingUnit:each,1,1,TRUE,1,GAMB00220
GAMB00221,Rapid Diagnostic Test (RDTs),Rapid Diagnostic Test (RDTs),dispensingUnit:each,1,1,TRUE,1,GAMB00221
GAMB00222,"Fluprescein, diagnostic eye strips","Fluprescein, diagnostic eye strips",dispensingUnit:each,1,1,TRUE,1,GAMB00222
GAMB00223,Tropicamide 1% eye drops,Tropicamide 1% eye drops,dispensingUnit:each,1,1,TRUE,1,GAMB00223
GAMB00224,Urografin 76%,Urografin 76%,dispensingUnit:each,1,1,TRUE,1,GAMB00224
GAMB00225,Gastrografin,Gastrografin,dispensingUnit:each,1,1,TRUE,1,GAMB00225
GAMB00226,CT contrast medium,CT contrast medium,dispensingUnit:each,1,1,TRUE,1,GAMB00226
GAMB00227,Barium Sulphate garnules for suspension,Barium Sulphate garnules for suspension,dispensingUnit:each,1,1,TRUE,1,GAMB00227
GAMB00228,Cetrimide 15% /Chlorhexidine 1.5% concentrate,Cetrimide 15% /Chlorhexidine 1.5% concentrate,dispensingUnit:each,1,1,TRUE,1,GAMB00228
GAMB00229,Chlorhexidine 5% concentrate,Chlorhexidine 5% concentrate,dispensingUnit:each,1,1,TRUE,1,GAMB00229
GAMB00230,Povidone Iodine 10% aqueous solution,Povidone Iodine 10% aqueous solution,dispensingUnit:each,1,1,TRUE,1,GAMB00230
GAMB00231,Glutaraldehyde 2% aqueous solution,Glutaraldehyde 2% aqueous solution,dispensingUnit:each,1,1,TRUE,1,GAMB00231
GAMB00232,Phenolic disinfectant(Lysol),Phenolic disinfectant(Lysol),dispensingUnit:each,1,1,TRUE,1,GAMB00232
GAMB00233,Bendrofluazide 5mg tablets,Bendrofluazide 5mg tablets,dispensingUnit:each,1,1,TRUE,1,GAMB00233
GAMB00234,Frusemide 40mg tablets,Frusemide 40mg tablets,dispensingUnit:each,1,1,TRUE,1,GAMB00234
GAMB00235,Frusemide 10mg/ml injection,Frusemide 10mg/ml injection,dispensingUnit:each,1,1,TRUE,1,GAMB00235
GAMB00236,Hydrochlorothiazide 50mg tablets,Hydrochlorothiazide 50mg tablets,dispensingUnit:each,1,1,TRUE,1,GAMB00236
GAMB00237,Spironolactone 25mg tablets,Spironolactone 25mg tablets,dispensingUnit:each,1,1,TRUE,1,GAMB00237
GAMB00238,Magnesium Trisilicate Compound tablets,Magnesium Trisilicate Compound tablets,dispensingUnit:each,1,1,TRUE,1,GAMB00238
GAMB00239,Omeprazole 10mg tablets,Omeprazole 10mg tablets,dispensingUnit:each,1,1,TRUE,1,GAMB00239
GAMB00240,Omeprazole 40mg inj. Vial,Omeprazole 40mg inj. Vial,dispensingUnit:each,1,1,TRUE,1,GAMB00240
GAMB00241,Ranitidine 150mg tablets,Ranitidine 150mg tablets,dispensingUnit:each,1,1,TRUE,1,GAMB00241
GAMB00242,"Ranitidine 25mg/ml, 2ml injection","Ranitidine 25mg/ml, 2ml injection",dispensingUnit:each,1,1,TRUE,1,GAMB00242
GAMB00243,Metoclopramide 10mg tablets,Metoclopramide 10mg tablets,dispensingUnit:each,1,1,TRUE,1,GAMB00243
GAMB00244,"Metoclopramide 5mg/ml injection, 2ml","Metoclopramide 5mg/ml injection, 2ml",dispensingUnit:each,1,1,TRUE,1,GAMB00244
GAMB00245,Promethazine 25mg tablets,Promethazine 25mg tablets,dispensingUnit:each,1,1,TRUE,1,GAMB00245
GAMB00246,Promethazine 5mg/5ml syrup,Promethazine 5mg/5ml syrup,dispensingUnit:each,1,1,TRUE,1,GAMB00246
GAMB00247,"Promethazine 25mg/ml injcetion, 1ml","Promethazine 25mg/ml injcetion, 1ml",dispensingUnit:each,1,1,TRUE,1,GAMB00247
GAMB00248,Benzocian 2%/Butamben 2%/Tannic acid 10% (Antihaemorrhoidal) Ointment,Benzocian 2%/Butamben 2%/Tannic acid 10% (Antihaemorrhoidal) Ointment,dispensingUnit:each,1,1,TRUE,1,GAMB00248
GAMB00249,Bismuth subgallate 100mg/Zinc Oxide 100mg/Lignocian 60mg) suppositories,Bismuth subgallate 100mg/Zinc Oxide 100mg/Lignocian 60mg) suppositories,dispensingUnit:each,1,1,TRUE,1,GAMB00249
GAMB00250,Atropine 0.5mg/ml injection,Atropine 0.5mg/ml injection,dispensingUnit:each,1,1,TRUE,1,GAMB00250
GAMB00251,HyoscineButylbromide 10mg tablets,HyoscineButylbromide 10mg tablets,dispensingUnit:each,1,1,TRUE,1,GAMB00251
GAMB00252,HyoscineButylbromide 10mg/ml injection,HyoscineButylbromide 10mg/ml injection,dispensingUnit:each,1,1,TRUE,1,GAMB00252
GAMB00253,Bisacodyl 5mg tablets,Bisacodyl 5mg tablets,dispensingUnit:each,1,1,TRUE,1,GAMB00253
GAMB00254,Lactulose 3.1/3.7g/ml,Lactulose 3.1/3.7g/ml,dispensingUnit:each,1,1,TRUE,1,GAMB00254
GAMB00255,Loperamide 2mg tablets,Loperamide 2mg tablets,dispensingUnit:each,1,1,TRUE,1,GAMB00255
GAMB00256,Oral Rehydration Salts (ORS),Oral Rehydration Salts (ORS),dispensingUnit:each,1,1,TRUE,1,GAMB00256
GAMB00257,Zinc sulphate 10mg tabs,Zinc sulphate 10mg tabs,dispensingUnit:each,1,1,TRUE,1,GAMB00257
GAMB00258,Dexamethasone Sodium Phosphate 4mg/ml,Dexamethasone Sodium Phosphate 4mg/ml,dispensingUnit:each,1,1,TRUE,1,GAMB00258
GAMB00259,Hydrocortisone Sodium Succinate 100mg powder for injection,Hydrocortisone Sodium Succinate 100mg powder for injection,dispensingUnit:each,1,1,TRUE,1,GAMB00259
GAMB00260,Prednisolone 5mg tablets,Prednisolone 5mg tablets,dispensingUnit:each,1,1,TRUE,1,GAMB00260
GAMB00261,Glibenclamide 5mg tablets,Glibenclamide 5mg tablets,dispensingUnit:each,1,1,TRUE,1,GAMB00261
GAMB00262,Insulin MIXTARD 100IU/ML injection,Insulin MIXTARD 100IU/ML injection,dispensingUnit:each,1,1,TRUE,1,GAMB00262
GAMB00263,Insulin SOLUBLE100iu/ml injection,Insulin SOLUBLE100iu/ml injection,dispensingUnit:each,1,1,TRUE,1,GAMB00263
GAMB00264,Metformin 500mg tablets,Metformin 500mg tablets,dispensingUnit:each,1,1,TRUE,1,GAMB00264
GAMB00265,Norethisterone 5mg tablets,Norethisterone 5mg tablets,dispensingUnit:each,1,1,TRUE,1,GAMB00265
GAMB00266,Cconjugate oestrogen,Cconjugate oestrogen,dispensingUnit:each,1,1,TRUE,1,GAMB00266
GAMB00267,Carbimazole 5mg tablets,Carbimazole 5mg tablets,dispensingUnit:each,1,1,TRUE,1,GAMB00267
GAMB00268,Thyroxine 0.1mg tablets,Thyroxine 0.1mg tablets,dispensingUnit:each,1,1,TRUE,1,GAMB00268
GAMB00269,Lugols iodine,Lugols iodine,dispensingUnit:each,1,1,TRUE,1,GAMB00269
GAMB00270,"Tuberculin, purified protein derivative","Tuberculin, purified protein derivative",dispensingUnit:each,1,1,TRUE,1,GAMB00270
GAMB00271,Rabies Immunoglobulins 150iu/ml,Rabies Immunoglobulins 150iu/ml,dispensingUnit:each,1,1,TRUE,1,GAMB00271
GAMB00272,"Anti tetanus immunoglobulin, human 500iu","Anti tetanus immunoglobulin, human 500iu",dispensingUnit:each,1,1,TRUE,1,GAMB00272
GAMB00273,Anti D Immunoglobulin 250mcg,Anti D Immunoglobulin 250mcg,dispensingUnit:each,1,1,TRUE,1,GAMB00273
GAMB00274,"Snake venom antiserum, Gambia","Snake venom antiserum, Gambia",dispensingUnit:each,1,1,TRUE,1,GAMB00274
GAMB00275,"Hepatitis B injection adult, 1ml (three doses required for immunity)","Hepatitis B injection adult, 1ml (three doses required for immunity)",dispensingUnit:each,1,1,TRUE,1,GAMB00275
GAMB00276,"Rabies human diploid (HDCV) inj, 1ml (three doses required)","Rabies human diploid (HDCV) inj, 1ml (three doses required)",dispensingUnit:each,1,1,TRUE,1,GAMB00276
GAMB00277,Tetanus adsorbed (tetanus toxoid) inj,Tetanus adsorbed (tetanus toxoid) inj,dispensingUnit:each,1,1,TRUE,1,GAMB00277
GAMB00278,HPV vaccine,HPV vaccine,dispensingUnit:each,1,1,TRUE,1,GAMB00278
GAMB00279,Neostigmine 2.5mg/ml injection,Neostigmine 2.5mg/ml injection,dispensingUnit:each,1,1,TRUE,1,GAMB00279
GAMB00280,Pancuronium bromide 2mg/ml injection,Pancuronium bromide 2mg/ml injection,dispensingUnit:each,1,1,TRUE,1,GAMB00280
GAMB00281,Suxamethonium 50mg/ml injcetion,Suxamethonium 50mg/ml injcetion,dispensingUnit:each,1,1,TRUE,1,GAMB00281
GAMB00282,Aciclovir 3% eye ointment,Aciclovir 3% eye ointment,dispensingUnit:each,1,1,TRUE,1,GAMB00282
GAMB00283,Aciclovir eye drops,Aciclovir eye drops,dispensingUnit:each,1,1,TRUE,1,GAMB00283
GAMB00284,Chloramphenicol 0.5% /1.0% eye drops,Chloramphenicol 0.5% /1.0% eye drops,dispensingUnit:each,1,1,TRUE,1,GAMB00284
GAMB00285,Ciprofloxacin 0.3% eye drops,Ciprofloxacin 0.3% eye drops,dispensingUnit:each,1,1,TRUE,1,GAMB00285
GAMB00286,Gentamycin 0.3% Eye drops,Gentamycin 0.3% Eye drops,dispensingUnit:each,1,1,TRUE,1,GAMB00286
GAMB00287,Gentamycin/Neomycin eye ointment 0.3%/0.5%Hyalase injection 1500IU,Gentamycin/Neomycin eye ointment 0.3%/0.5%Hyalase injection 1500IU,dispensingUnit:each,1,1,TRUE,1,GAMB00287
GAMB00288,Idoxuridine 0.5% eye drops,Idoxuridine 0.5% eye drops,dispensingUnit:each,1,1,TRUE,1,GAMB00288
GAMB00289,Natamycin drops,Natamycin drops,dispensingUnit:each,1,1,TRUE,1,GAMB00289
GAMB00290,Tetracycline 1% eye ointment,Tetracycline 1% eye ointment,dispensingUnit:each,1,1,TRUE,1,GAMB00290
GAMB00291,Dexamethazone 0.1% eye drops,Dexamethazone 0.1% eye drops,dispensingUnit:each,1,1,TRUE,1,GAMB00291
GAMB00292,Prednisolone 0.5% eye drops,Prednisolone 0.5% eye drops,dispensingUnit:each,1,1,TRUE,1,GAMB00292
GAMB00293,Sodium cromoglycate 2% eye drops,Sodium cromoglycate 2% eye drops,dispensingUnit:each,1,1,TRUE,1,GAMB00293
GAMB00294,Ethanol Absolute 99.5% injection,Ethanol Absolute 99.5% injection,dispensingUnit:each,1,1,TRUE,1,GAMB00294
GAMB00295,Amethocaine (Tetracaine) 1% eye drops,Amethocaine (Tetracaine) 1% eye drops,dispensingUnit:each,1,1,TRUE,1,GAMB00295
GAMB00296,Acetazolamide 250mg tablets,Acetazolamide 250mg tablets,dispensingUnit:each,1,1,TRUE,1,GAMB00296
GAMB00297,Pilocarpine 2% /4%eye drops,Pilocarpine 2% /4%eye drops,dispensingUnit:each,1,1,TRUE,1,GAMB00297
GAMB00298,Timolol 0.25% /0.5%eye drops,Timolol 0.25% /0.5%eye drops,dispensingUnit:each,1,1,TRUE,1,GAMB00298
GAMB00299,Atropine 1% eye drops,Atropine 1% eye drops,dispensingUnit:each,1,1,TRUE,1,GAMB00299
GAMB00300,Cyclopentolate 1%/0.5% eye drops,Cyclopentolate 1%/0.5% eye drops,dispensingUnit:each,1,1,TRUE,1,GAMB00300
GAMB00301,Tropicamide 1% eye drops,Tropicamide 1% eye drops,dispensingUnit:each,1,1,TRUE,1,GAMB00301
GAMB00302,Ergometrine 0.5mg /ml injection,Ergometrine 0.5mg /ml injection,dispensingUnit:each,1,1,TRUE,1,GAMB00302
GAMB00303,Ergometrine 0.5mg TAB,Ergometrine 0.5mg TAB,dispensingUnit:each,1,1,TRUE,1,GAMB00303
GAMB00304,Misoprostol 200mg tablets,Misoprostol 200mg tablets,dispensingUnit:each,1,1,TRUE,1,GAMB00304
GAMB00305,Oxytocin 10iu/ml,Oxytocin 10iu/ml,dispensingUnit:each,1,1,TRUE,1,GAMB00305
GAMB00306,"Magnesium Sulphate 50% injection, vial","Magnesium Sulphate 50% injection, vial",dispensingUnit:each,1,1,TRUE,1,GAMB00306
GAMB00307,Amitriptyline 25mg,Amitriptyline 25mg,dispensingUnit:each,1,1,TRUE,1,GAMB00307
GAMB00308,Chlorpromazine 25mg/ml injection,Chlorpromazine 25mg/ml injection,dispensingUnit:each,1,1,TRUE,1,GAMB00308
GAMB00309,Chlorpromazine 25mg tablet,Chlorpromazine 25mg tablet,dispensingUnit:each,1,1,TRUE,1,GAMB00309
GAMB00310,Chlorpromazine 100mg tablets,Chlorpromazine 100mg tablets,dispensingUnit:each,1,1,TRUE,1,GAMB00310
GAMB00311,Diazepam 5mg tablets,Diazepam 5mg tablets,dispensingUnit:each,1,1,TRUE,1,GAMB00311
GAMB00312,Diazepam inj. 5mg/ml,Diazepam inj. 5mg/ml,dispensingUnit:each,1,1,TRUE,1,GAMB00312
GAMB00313,Fluphenazinedecanoate 25mg/ml injection,Fluphenazinedecanoate 25mg/ml injection,dispensingUnit:each,1,1,TRUE,1,GAMB00313
GAMB00314,Haloperidol 5mg /ml injection,Haloperidol 5mg /ml injection,dispensingUnit:each,1,1,TRUE,1,GAMB00314
GAMB00315,Haloperidol 5mg tablets,Haloperidol 5mg tablets,dispensingUnit:each,1,1,TRUE,1,GAMB00315
GAMB00316,Imipramine 25mg tablets,Imipramine 25mg tablets,dispensingUnit:each,1,1,TRUE,1,GAMB00316
GAMB00317,Risperidone 2mg tabs,Risperidone 2mg tabs,dispensingUnit:each,1,1,TRUE,1,GAMB00317
GAMB00318,Thioridazine 5omg/100mg tab,Thioridazine 5omg/100mg tab,dispensingUnit:each,1,1,TRUE,1,GAMB00318
GAMB00319,Trihexylphenidyl 2mg tablet,Trihexylphenidyl 2mg tablet,dispensingUnit:each,1,1,TRUE,1,GAMB00319
GAMB00320,Adrenalne (Epinephrine) 1mg/ml injection,Adrenalne (Epinephrine) 1mg/ml injection,dispensingUnit:each,1,1,TRUE,1,GAMB00320
GAMB00321,Aminophylline 25mg/ml injection,Aminophylline 25mg/ml injection,dispensingUnit:each,1,1,TRUE,1,GAMB00321
GAMB00322,Aminophylline 100mg tablets,Aminophylline 100mg tablets,dispensingUnit:each,1,1,TRUE,1,GAMB00322
GAMB00323,Beclomethasone 50mcg/dose inhaler,Beclomethasone 50mcg/dose inhaler,dispensingUnit:each,1,1,TRUE,1,GAMB00323
GAMB00324,Ipratropium 250mcg/ml nebulizer,Ipratropium 250mcg/ml nebulizer,dispensingUnit:each,1,1,TRUE,1,GAMB00324
GAMB00325,Salbutamol 4mg tablets,Salbutamol 4mg tablets,dispensingUnit:each,1,1,TRUE,1,GAMB00325
GAMB00326,Salbutamol 2mg tablets,Salbutamol 2mg tablets,dispensingUnit:each,1,1,TRUE,1,GAMB00326
GAMB00327,Salbutamol 2mg/5ml syrup,Salbutamol 2mg/5ml syrup,dispensingUnit:each,1,1,TRUE,1,GAMB00327
GAMB00328,Salbutamol 2mg/ml respiratory solution,Salbutamol 2mg/ml respiratory solution,dispensingUnit:each,1,1,TRUE,1,GAMB00328
GAMB00329,Salbutamol 50mcg/ml inj,Salbutamol 50mcg/ml inj,dispensingUnit:each,1,1,TRUE,1,GAMB00329
GAMB00330,Salbutamol 100mcg/dose inhaler,Salbutamol 100mcg/dose inhaler,dispensingUnit:each,1,1,TRUE,1,GAMB00330
GAMB00331,Oral Rehydration Salts (ORS),Oral Rehydration Salts (ORS),dispensingUnit:each,1,1,TRUE,1,GAMB00331
GAMB00332,Calcium Gluconate 10% injection,Calcium Gluconate 10% injection,dispensingUnit:each,1,1,TRUE,1,GAMB00332
GAMB00333,Glucose (Dextrose) 50% Isotonic injection,Glucose (Dextrose) 50% Isotonic injection,dispensingUnit:each,1,1,TRUE,1,GAMB00333
GAMB00334,Glucose (Dextrose) 5% hypertonic injection,Glucose (Dextrose) 5% hypertonic injection,dispensingUnit:each,1,1,TRUE,1,GAMB00334
GAMB00335,Glucose 5% + Sodium Chloride 0.9% solution,Glucose 5% + Sodium Chloride 0.9% solution,dispensingUnit:each,1,1,TRUE,1,GAMB00335
GAMB00336,Mannitol 10% /20% injection,Mannitol 10% /20% injection,dispensingUnit:each,1,1,TRUE,1,GAMB00336
GAMB00337,Sodium Bicarbonate 8.4% injection,Sodium Bicarbonate 8.4% injection,dispensingUnit:each,1,1,TRUE,1,GAMB00337
GAMB00338,Sodium Chloride 0.9% Intravenous solution,Sodium Chloride 0.9% Intravenous solution,dispensingUnit:each,1,1,TRUE,1,GAMB00338
GAMB00339,Sodium Lactate Compound Intravenous solution,Sodium Lactate Compound Intravenous solution,dispensingUnit:each,1,1,TRUE,1,GAMB00339
GAMB00340,Water for injection,Water for injection,dispensingUnit:each,1,1,TRUE,1,GAMB00340
GAMB00341,Ring pessaries (for uterine prolapses),Ring pessaries (for uterine prolapses),dispensingUnit:each,1,1,TRUE,1,GAMB00341
GAMB00342,Ascorbic Acid (Vitamin C) 500mg/100mg,Ascorbic Acid (Vitamin C) 500mg/100mg,dispensingUnit:each,1,1,TRUE,1,GAMB00342
GAMB00343,Calcium Lactate 300mg tablets,Calcium Lactate 300mg tablets,dispensingUnit:each,1,1,TRUE,1,GAMB00343
GAMB00344,Multivitamin tablets ,Multivitamin tablets ,dispensingUnit:each,1,1,TRUE,1,GAMB00344
GAMB00345,Multivtamin syrup,Multivtamin syrup,dispensingUnit:each,1,1,TRUE,1,GAMB00345
GAMB00346,Phytomenadione 10mg/ml inj,Phytomenadione 10mg/ml inj,dispensingUnit:each,1,1,TRUE,1,GAMB00346
GAMB00347,Pyridoxine 10mg/15mg tablets,Pyridoxine 10mg/15mg tablets,dispensingUnit:each,1,1,TRUE,1,GAMB00347
GAMB00348,"Retinol (Vitamin A ) 200,000 IU/6mg capsules","Retinol (Vitamin A ) 200,000 IU/6mg capsules",dispensingUnit:each,1,1,TRUE,1,GAMB00348
GAMB00349,Thiamine 100mg tablets,Thiamine 100mg tablets,dispensingUnit:each,1,1,TRUE,1,GAMB00349
GAMB00350,Vitamin B Compound tablets ,Vitamin B Compound tablets ,dispensingUnit:each,1,1,TRUE,1,GAMB00350
GAMB00351,Vitamin B compound Inj,Vitamin B compound Inj,dispensingUnit:each,1,1,TRUE,1,GAMB00351
GAMB00352,Abacavir 50mg/5ml syrup,Abacavir 50mg/5ml syrup,dispensingUnit:each,1,1,TRUE,1,GAMB00352
GAMB00353,"Abacavir/Lamivudine/Zidovudine 60/30/60mg,300/150/300mg tabs","Abacavir/Lamivudine/Zidovudine 60/30/60mg,300/150/300mg tabs",dispensingUnit:each,1,1,TRUE,1,GAMB00353
GAMB00354,Aciclovir   200mg tabs,Aciclovir   200mg tabs,dispensingUnit:each,1,1,TRUE,1,GAMB00354
GAMB00355,Aciclovir 5%  cream,Aciclovir 5%  cream,dispensingUnit:each,1,1,TRUE,1,GAMB00355
GAMB00356,Aciclovir  250mg powder (as sodium salt)/vial,Aciclovir  250mg powder (as sodium salt)/vial,dispensingUnit:each,1,1,TRUE,1,GAMB00356
GAMB00357,"Didanosine 200mg, 250mg tabs","Didanosine 200mg, 250mg tabs",dispensingUnit:each,1,1,TRUE,1,GAMB00357
GAMB00358,"Efavirenz 200mg, 600mg tabs","Efavirenz 200mg, 600mg tabs",dispensingUnit:each,1,1,TRUE,1,GAMB00358
GAMB00359,Lamivudine 50mg/5ml syrup,Lamivudine 50mg/5ml syrup,dispensingUnit:each,1,1,TRUE,1,GAMB00359
GAMB00360,Lamivudine 150mg tabs ,Lamivudine 150mg tabs ,dispensingUnit:each,1,1,TRUE,1,GAMB00360
GAMB00361,Lamivudine/Tenofovir 300/300mg(tab),Lamivudine/Tenofovir 300/300mg(tab),dispensingUnit:each,1,1,TRUE,1,GAMB00361
GAMB00362,Lamivudine 150mg / Zidovudine 300mg tabs ,Lamivudine 150mg / Zidovudine 300mg tabs ,dispensingUnit:each,1,1,TRUE,1,GAMB00362
GAMB00363,Lamivudine/Stavudine/Nevirapine 30/6/50(tab) ,Lamivudine/Stavudine/Nevirapine 30/6/50(tab) ,dispensingUnit:each,1,1,TRUE,1,GAMB00363
GAMB00364,"Lamivudine/Zidovudine/Nevirapine 30/60/50mg(tab),150/300/200mg tabs","Lamivudine/Zidovudine/Nevirapine 30/60/50mg(tab),150/300/200mg tabs",dispensingUnit:each,1,1,TRUE,1,GAMB00364
GAMB00365,Nevirapine 50mg/ml,Nevirapine 50mg/ml,dispensingUnit:each,1,1,TRUE,1,GAMB00365
GAMB00366,Nevirapine 200mg tabs,Nevirapine 200mg tabs,dispensingUnit:each,1,1,TRUE,1,GAMB00366
GAMB00367,Tenofovir 300mg tabs,Tenofovir 300mg tabs,dispensingUnit:each,1,1,TRUE,1,GAMB00367
GAMB00368,Stavudine 15mg tabs,Stavudine 15mg tabs,dispensingUnit:each,1,1,TRUE,1,GAMB00368
GAMB00369,Zidovudine 50mg/5ml syrup,Zidovudine 50mg/5ml syrup,dispensingUnit:each,1,1,TRUE,1,GAMB00369
GAMB00370,Zidovudine 300mg tabs,Zidovudine 300mg tabs,dispensingUnit:each,1,1,TRUE,1,GAMB00370
GAMB00371,Tamsulosin 400mcg capsule,Tamsulosin 400mcg capsule,dispensingUnit:each,1,1,TRUE,1,GAMB00371
GAMB00372,Terazosin 2mg/5mg tablet,Terazosin 2mg/5mg tablet,dispensingUnit:each,1,1,TRUE,1,GAMB00372
GAMB00373,Progestrone Only Pill,Progestrone Only Pill,dispensingUnit:each,1,1,TRUE,1,GAMB00373
GAMB00374,Levonorgestrel 1.5mg tablet,Levonorgestrel 1.5mg tablet,dispensingUnit:each,1,1,TRUE,1,GAMB00374
GAMB00375,Medroxyprogesterone Acetate 150mg injection,Medroxyprogesterone Acetate 150mg injection,dispensingUnit:each,1,1,TRUE,1,GAMB00375
GAMB00376,Ethinylestradiol with Norethisterone 20mcg/1mg tablet,Ethinylestradiol with Norethisterone 20mcg/1mg tablet,dispensingUnit:each,1,1,TRUE,1,GAMB00376
GAMB00377,Ethinylestradiol with Levonorgestrel 30mcg/50mcg tablet,Ethinylestradiol with Levonorgestrel 30mcg/50mcg tablet,dispensingUnit:each,1,1,TRUE,1,GAMB00377
GAMB00378,Ethinylestradiol with Norelgestromin (transdermal),Ethinylestradiol with Norelgestromin (transdermal),dispensingUnit:each,1,1,TRUE,1,GAMB00378
GAMB00379,Copper IUCD,Copper IUCD,dispensingUnit:each,1,1,TRUE,1,GAMB00379
GAMB00380,Levonorgestrol IUD,Levonorgestrol IUD,dispensingUnit:each,1,1,TRUE,1,GAMB00380
GAMB00381,Jadell,Jadell,dispensingUnit:each,1,1,TRUE,1,GAMB00381
GAMB00382,implanon,implanon,dispensingUnit:each,1,1,TRUE,1,GAMB00382
GAMB00383,Clomiphene citrate 50mg tab,Clomiphene citrate 50mg tab,dispensingUnit:each,1,1,TRUE,1,GAMB00383
GAMB00384,Antihaemorrhoidal suppositories/ ointment,Antihaemorrhoidal suppositories/ ointment,dispensingUnit:each,1,1,TRUE,1,GAMB00384
GAMB00385,Erythropoietin,Erythropoietin,dispensingUnit:each,1,1,TRUE,1,GAMB00385
GAMB00386,Total Parental Nutrition,Total Parental Nutrition,dispensingUnit:each,1,1,TRUE,1,GAMB00386
GAMB00387,Water for injection,Water for injection,dispensingUnit:each,1,1,TRUE,1,GAMB00387
GAMB00388,Allupurinol 100mg/300mg,Allupurinol 100mg/300mg,dispensingUnit:each,1,1,TRUE,1,GAMB00388
GAMB00389,Chloroquine 150mg base,Chloroquine 150mg base,dispensingUnit:each,1,1,TRUE,1,GAMB00389
GAMB00390,Albumin 5%/20%,Albumin 5%/20%,dispensingUnit:each,1,1,TRUE,1,GAMB00390
GAMB00391,Ring pessaries,Ring pessaries,dispensingUnit:each,1,1,TRUE,1,GAMB00391
GAMB00392,Bromocriptine,Bromocriptine,dispensingUnit:each,1,1,TRUE,1,GAMB00392
GAMB00393,Cabergolin,Cabergolin,dispensingUnit:each,1,1,TRUE,1,GAMB00393