productCode,name,description,netContent,dispensingUnit, packRoundingThreshold, packSize, roundToZero,netContent,productCode
EM0001,Isoflurane 5%,,1,dispensingUnit:each,1,1,TRUE,1,EM0001
EM0002,Ketamine 50mg/ml injection,,1,dispensingUnit:each,1,1,TRUE,1,EM0002
EM0003,Oxygen (medical grade) inhalation,,1,dispensingUnit:each,1,1,TRUE,1,EM0003
EM0004,Propofol 1%,,1,dispensingUnit:each,1,1,TRUE,1,EM0004
EM0005,"Thiopentone Sodium 0.5g powder for injection,",,1,dispensingUnit:each,1,1,TRUE,1,EM0005
EM0006,Bupivacaine 0.5% + Glucose 8% injection (Spinal),,1,dispensingUnit:each,1,1,TRUE,1,EM0006
EM0007,Lignocaine 1% injection,,1,dispensingUnit:each,1,1,TRUE,1,EM0007
EM0008,Lignocaine 2% injection,,1,dispensingUnit:each,1,1,TRUE,1,EM0008
EM0009,"Lignocaine 2% + Adrenaline 1.100,000 injection",,1,dispensingUnit:each,1,1,TRUE,1,EM0009
EM0010,"Lignociane 2% +Adrenaline 1: 80,001",,1,dispensingUnit:each,1,1,TRUE,1,EM0010
EM0011,Lignocaine 5% + Dextrose 7.5% injcetion (spinal),,1,dispensingUnit:each,1,1,TRUE,1,EM0011
EM0012,Atropine 0.5mg/ml injection,,1,dispensingUnit:each,1,1,TRUE,1,EM0012
EM0013,Ephiderine 30mg/ml inj,,1,dispensingUnit:each,1,1,TRUE,1,EM0013
EM0014,Midazolam 5mg/5ml inj,,1,dispensingUnit:each,1,1,TRUE,1,EM0014
EM0015,Aspirin (Acetylsalicylic Acid) 300mg tablets,,1,dispensingUnit:each,1,1,TRUE,1,EM0015
EM0016,Diclofenac 50mg and 100mg tablets,,1,dispensingUnit:each,1,1,TRUE,1,EM0016
EM0017,Diclofenac 75mg/ml injection,,1,dispensingUnit:each,1,1,TRUE,1,EM0017
EM0018,Ibuprofen 200mg/ 400mg tablets,,1,dispensingUnit:each,1,1,TRUE,1,EM0018
EM0019,Paracetamol (Acetaminophen) 100mg tablets,,1,dispensingUnit:each,1,1,TRUE,1,EM0019
EM0020,Paracetamol (Acetaminophen) 500mg tablets,,1,dispensingUnit:each,1,1,TRUE,1,EM0020
EM0021,Paracetamol (Acetaminophen) 125mg/5ml syrup,,1,dispensingUnit:each,1,1,TRUE,1,EM0021
EM0022,Paracetamol (Acetaminophen) 125mg suppositories,,1,dispensingUnit:each,1,1,TRUE,1,EM0022
EM0023,Fentanyl 0.5mg/5ml,,1,dispensingUnit:each,1,1,TRUE,1,EM0023
EM0024,Morphine 15mg/ml 2ml ampule,,1,dispensingUnit:each,1,1,TRUE,1,EM0024
EM0025,Morphine Sulphate 10mg tablets,,1,dispensingUnit:each,1,1,TRUE,1,EM0025
EM0026,Pentazocine 30mg inj,,1,dispensingUnit:each,1,1,TRUE,1,EM0026
EM0027,Pethidine 50mg/ml / 100mg/ml amp,,1,dispensingUnit:each,1,1,TRUE,1,EM0027
EM0028,Tramadol Hydrochloride 50mg tablet,,1,dispensingUnit:each,1,1,TRUE,1,EM0028
EM0029,Adrenaline (Epinephrine) 1mg/ml injection,,1,dispensingUnit:each,1,1,TRUE,1,EM0029
EM0030,Chlorpheniramine 4mg tablets,,1,dispensingUnit:each,1,1,TRUE,1,EM0030
EM0031,"Dexamethasone Sodium Phosphate 4mg/ml injcetion,",,1,dispensingUnit:each,1,1,TRUE,1,EM0031
EM0032,Hydrocortisone Sodium Succinate 100mg powder for injection amps,,1,dispensingUnit:each,1,1,TRUE,1,EM0032
EM0033,Prednisole 5mg tablets,,1,dispensingUnit:each,1,1,TRUE,1,EM0033
EM0034,Promethazine 25mg tablets,,1,dispensingUnit:each,1,1,TRUE,1,EM0034
EM0035,Promethazine 5mg/5ml syrup,,1,dispensingUnit:each,1,1,TRUE,1,EM0035
EM0036,Promethazine 25mg/ml injection,,1,dispensingUnit:each,1,1,TRUE,1,EM0036
EM0037,Activated Charcoal Powder,,1,dispensingUnit:each,1,1,TRUE,1,EM0037
EM0038,Atropine 0.5mg/ml injection,,1,dispensingUnit:each,1,1,TRUE,1,EM0038
EM0039,Calcium gluconate 10% inj,,1,dispensingUnit:each,1,1,TRUE,1,EM0039
EM0040,Desferoxamine 500mg inj,,1,dispensingUnit:each,1,1,TRUE,1,EM0040
EM0041,Naloxone 0.4mg/ml inj,,1,dispensingUnit:each,1,1,TRUE,1,EM0041
EM0042,N Acetyl cysteine 200mg/ml,,1,dispensingUnit:each,1,1,TRUE,1,EM0042
EM0043,Protamine sulphate 10mg/ml,,1,dispensingUnit:each,1,1,TRUE,1,EM0043
EM0044,Carbamazapine 200mg tablets,,1,dispensingUnit:each,1,1,TRUE,1,EM0044
EM0045,Diazepam 5mg/ml injection,,1,dispensingUnit:each,1,1,TRUE,1,EM0045
EM0046,Diazepam 5mg Tablets,,1,dispensingUnit:each,1,1,TRUE,1,EM0046
EM0047,Diazepam rectal supp,,1,dispensingUnit:each,1,1,TRUE,1,EM0047
EM0048,Phenobarbitone 30mg / 100mg tablets,,1,dispensingUnit:each,1,1,TRUE,1,EM0048
EM0049,Phenobartbitone 200mg/2ml Inj,,1,dispensingUnit:each,1,1,TRUE,1,EM0049
EM0050,Phenytoin 100mg tablets,,1,dispensingUnit:each,1,1,TRUE,1,EM0050
EM0051,Phenytoin 50mg/ml Inj,,1,dispensingUnit:each,1,1,TRUE,1,EM0051
EM0052,Sodium Valproate 200mg tablets,,1,dispensingUnit:each,1,1,TRUE,1,EM0052
EM0053,Albendazole 200mg tablets,,1,dispensingUnit:each,1,1,TRUE,1,EM0053
EM0054,Levamisole 40mg tablets,,1,dispensingUnit:each,1,1,TRUE,1,EM0054
EM0055,Mebendazole 100mg/ 500mg tablets,,1,dispensingUnit:each,1,1,TRUE,1,EM0055
EM0056,Niclosamide 500mg tablets,,1,dispensingUnit:each,1,1,TRUE,1,EM0056
EM0057,Amoxycillin 250mg/ 500mg capsules,,1,dispensingUnit:each,1,1,TRUE,1,EM0057
EM0058,Amoxicillin 125mg/5ml powder for syrup,,1,dispensingUnit:each,1,1,TRUE,1,EM0058
EM0059,"Ampicillin 1g/ 500mg powder for injection, vial",,1,dispensingUnit:each,1,1,TRUE,1,EM0059
EM0060,Ampiclox 500mg capsules,,1,dispensingUnit:each,1,1,TRUE,1,EM0060
EM0061,Ampiclox 250mg/5ml syrup,,1,dispensingUnit:each,1,1,TRUE,1,EM0061
EM0062,Benzathine penicillin 1.44 g/2.4 MU powder for injection,,1,dispensingUnit:each,1,1,TRUE,1,EM0062
EM0063,Benzylpenicillin 600mg/1 MU powder for injection,,1,dispensingUnit:each,1,1,TRUE,1,EM0063
EM0064,Cloxacillin 250mg tablets/capsules,,1,dispensingUnit:each,1,1,TRUE,1,EM0064
EM0065,Cloxacillin 500mg powder for injection,,1,dispensingUnit:each,1,1,TRUE,1,EM0065
EM0066,Cloxacillin 125mg/5ml powder for syrup,,1,dispensingUnit:each,1,1,TRUE,1,EM0066
EM0067,Flucloxacillin 250mg capsules,,1,dispensingUnit:each,1,1,TRUE,1,EM0067
EM0068,Flucloxacillin 500mg powder for injection vial,,1,dispensingUnit:each,1,1,TRUE,1,EM0068
EM0069,Phonoxymethylpenicillin (Penicillin V) 250mg tablets,,1,dispensingUnit:each,1,1,TRUE,1,EM0069
EM0070,Procaine Penicillin Fortified 4MU powder for injection (3MU+1MU),,1,dispensingUnit:each,1,1,TRUE,1,EM0070
EM0071,Azithromycin 200mg/5ml syrup,,1,dispensingUnit:each,1,1,TRUE,1,EM0071
EM0072,Azithromycin 250mg tablets,,1,dispensingUnit:each,1,1,TRUE,1,EM0072
EM0073,Cefuroxime 750mg powder for Injection,,1,dispensingUnit:each,1,1,TRUE,1,EM0073
EM0074,"Ceftriaxone 1gm/ 500mg powder for injection, vial",,1,dispensingUnit:each,1,1,TRUE,1,EM0074
EM0075,Ceftazidime 1gm inj,,1,dispensingUnit:each,1,1,TRUE,1,EM0075
EM0076,Chloramphenicol 250mg capsules,,1,dispensingUnit:each,1,1,TRUE,1,EM0076
EM0077,"Chloramphenicol 1g, powder for injection",,1,dispensingUnit:each,1,1,TRUE,1,EM0077
EM0078,Ciprofloxacin 250mg/500mg tablets,,1,dispensingUnit:each,1,1,TRUE,1,EM0078
EM0079,Ciprofloxacin 2mg/ml 100ml vial,,1,dispensingUnit:each,1,1,TRUE,1,EM0079
EM0080,Clindamycin 150mg inj,,1,dispensingUnit:each,1,1,TRUE,1,EM0080
EM0081,Clindamycin tablets 300mg,,1,dispensingUnit:each,1,1,TRUE,1,EM0081
EM0082,Doxycycline 100mg tablets/capsules,,1,dispensingUnit:each,1,1,TRUE,1,EM0082
EM0083,Erythromycin 250mg (as stearate) tablets/capsules,,1,dispensingUnit:each,1,1,TRUE,1,EM0083
EM0084,Erythromycin 125mg/5ml (as ethyl succinate) syrup,,1,dispensingUnit:each,1,1,TRUE,1,EM0084
EM0085,Gentamycin 40mg/ml injection,,1,dispensingUnit:each,1,1,TRUE,1,EM0085
EM0086,Metronidazole 250mg/500mg tablets,,1,dispensingUnit:each,1,1,TRUE,1,EM0086
EM0087,Metronidazole 125mg/5ml powder for syrup,,1,dispensingUnit:each,1,1,TRUE,1,EM0087
EM0088,"Metronidazole 5mg/ml injcetion, 100ml",,1,dispensingUnit:each,1,1,TRUE,1,EM0088
EM0089,Nitrofurantoin 100mg tablets,,1,dispensingUnit:each,1,1,TRUE,1,EM0089
EM0090,Sulphamethozaxole 400mg/Trimethoprim 80mg tablets (Co-trimoxazole),,1,dispensingUnit:each,1,1,TRUE,1,EM0090
EM0091,Sulphamethozaxole 100mg/Trimethoprim 20mg tablets (Co-trimoxazole),,1,dispensingUnit:each,1,1,TRUE,1,EM0091
EM0092,Sulphamethozaxole 200mg/Trimethoprim 40mg per 5ml suspension,,1,dispensingUnit:each,1,1,TRUE,1,EM0092
EM0093,Vancomycin 125mg capsules,,1,dispensingUnit:each,1,1,TRUE,1,EM0093
EM0094,Vancomycin 1g inj,,1,dispensingUnit:each,1,1,TRUE,1,EM0094
EM0095,Clofazimine(Lamprene) 50mg capsules,,1,dispensingUnit:each,1,1,TRUE,1,EM0095
EM0096,Dapsone 100mg tablets,,1,dispensingUnit:each,1,1,TRUE,1,EM0096
EM0097,Ethambutol 400mg tablets,,1,dispensingUnit:each,1,1,TRUE,1,EM0097
EM0098,Isoniazid 100mg tablets,,1,dispensingUnit:each,1,1,TRUE,1,EM0098
EM0099,Isoniazid 300mg tablets,,1,dispensingUnit:each,1,1,TRUE,1,EM0099
EM0100,Pyrazinamide 400mg tablets,,1,dispensingUnit:each,1,1,TRUE,1,EM0100
EM0101,Rifampicin 150mg tablets/capsules,,1,dispensingUnit:each,1,1,TRUE,1,EM0101
EM0102,Rifampicin 300mg tablets/capsules,,1,dispensingUnit:each,1,1,TRUE,1,EM0102
EM0103,Rifampicin 300mg/Isoniazid 150mg tablets,,1,dispensingUnit:each,1,1,TRUE,1,EM0103
EM0104,Rifampicin 150mg/Isoniazid 150mg,,1,dispensingUnit:each,1,1,TRUE,1,EM0104
EM0105,Streptomycin 1g powder for injection,,1,dispensingUnit:each,1,1,TRUE,1,EM0105
EM0106,"Amikacin sulphate 250mg/ml, 2ml vial",,1,dispensingUnit:each,1,1,TRUE,1,EM0106
EM0107,"Kanamycin Sulphate powder for injection, Igm vial",,1,dispensingUnit:each,1,1,TRUE,1,EM0107
EM0108,Capreomycin Sulphate 1 MU powder for injection(1gm) vial,,1,dispensingUnit:each,1,1,TRUE,1,EM0108
EM0109,Ofloxacin 200mg tablets,,1,dispensingUnit:each,1,1,TRUE,1,EM0109
EM0110,"Ofloxacin Hydrochloride 2mg/ml, 50ml",,1,dispensingUnit:each,1,1,TRUE,1,EM0110
EM0111,Benzoic acid/ Salicylic acid comp ointment 6%/3%,,1,dispensingUnit:each,1,1,TRUE,1,EM0111
EM0112,Clotrimazole 500mg Vaginal tablets with applicator,,1,dispensingUnit:each,1,1,TRUE,1,EM0112
EM0113,Clotrimazole 1% cream,,1,dispensingUnit:each,1,1,TRUE,1,EM0113
EM0114,Fluconazole 50mg Capsule,,1,dispensingUnit:each,1,1,TRUE,1,EM0114
EM0115,Griseofulvin 125mg tablets,,1,dispensingUnit:each,1,1,TRUE,1,EM0115
EM0116,Griseofulvin 250mg tablets,,1,dispensingUnit:each,1,1,TRUE,1,EM0116
EM0117,Ketoconazole 200mg tablets,,1,dispensingUnit:each,1,1,TRUE,1,EM0117
EM0118,Ketoconazole cream 1%,,1,dispensingUnit:each,1,1,TRUE,1,EM0118
EM0119,Miconazole 2% cream,,1,dispensingUnit:each,1,1,TRUE,1,EM0119
EM0120,"Nystatin 100,000 iu oral suspension,",,1,dispensingUnit:each,1,1,TRUE,1,EM0120
EM0121,"Nystatin 500,000 iu tablets",,1,dispensingUnit:each,1,1,TRUE,1,EM0121
EM0122,"Nystatin 100,000 iu tablets",,1,dispensingUnit:each,1,1,TRUE,1,EM0122
EM0123,Metronidazole 250mg tablets,,1,dispensingUnit:each,1,1,TRUE,1,EM0123
EM0124,Metronidazole 125mg/5ml powder for syrup,,1,dispensingUnit:each,1,1,TRUE,1,EM0124
EM0125,"Metronidazole 5mg/ml injection, 100ml",,1,dispensingUnit:each,1,1,TRUE,1,EM0125
EM0126,Metronidazole 500mg vaginal tablets,,1,dispensingUnit:each,1,1,TRUE,1,EM0126
EM0127,Artemether/Lumefantrine 20/120mg,,1,dispensingUnit:each,1,1,TRUE,1,EM0127
EM0128,Artesunate 60mg/5ml inj,,1,dispensingUnit:each,1,1,TRUE,1,EM0128
EM0129,Artesunate/Amodiaquine 50mg/150mg&200mg/150mg base tablet,,1,dispensingUnit:each,1,1,TRUE,1,EM0129
EM0130,Pyrimethamine 25mg tablets,,1,dispensingUnit:each,1,1,TRUE,1,EM0130
EM0131,Quinine 300mg tablets,,1,dispensingUnit:each,1,1,TRUE,1,EM0131
EM0132,"Quinine 300mg /ml injection , 2ml",,1,dispensingUnit:each,1,1,TRUE,1,EM0132
EM0133,Sulphadoxine 500mg/Pyrimethamine 25mg tablets,,1,dispensingUnit:each,1,1,TRUE,1,EM0133
EM0134,Azathioprine 50mg tabs,,1,dispensingUnit:each,1,1,TRUE,1,EM0134
EM0135,"Cisplatin 1mg/ml injection, 50ml",,1,dispensingUnit:each,1,1,TRUE,1,EM0135
EM0136,Cyclophosphamide 50omg powder for injection,,1,dispensingUnit:each,1,1,TRUE,1,EM0136
EM0137,"Cytarabine 100mg/ml injection, iml",,1,dispensingUnit:each,1,1,TRUE,1,EM0137
EM0138,Doxorubicin 2mg/ml for inj,,1,dispensingUnit:each,1,1,TRUE,1,EM0138
EM0139,"Fluorouracil 25mg/ml injcetion, 10ml",,1,dispensingUnit:each,1,1,TRUE,1,EM0139
EM0140,Letrozole 2.5mg tabs,,1,dispensingUnit:each,1,1,TRUE,1,EM0140
EM0141,Mercaptopurine 50mg tabs,,1,dispensingUnit:each,1,1,TRUE,1,EM0141
EM0142,Methotrexate 10mg tablets,,1,dispensingUnit:each,1,1,TRUE,1,EM0142
EM0143,Methotrexate 50mg/2ml injcetion,,1,dispensingUnit:each,1,1,TRUE,1,EM0143
EM0144,Procarbazine 50mg capsules/tablets,,1,dispensingUnit:each,1,1,TRUE,1,EM0144
EM0145,Tamoxifen 20mg tabs,,1,dispensingUnit:each,1,1,TRUE,1,EM0145
EM0146,Vincristine 50mg/2ml inj,,1,dispensingUnit:each,1,1,TRUE,1,EM0146
EM0147,"Dexamethasone Sodium Phosphate 4mg/ml injcetion, 1ml",,1,dispensingUnit:each,1,1,TRUE,1,EM0147
EM0148,Hydrocortisone Sodium Succinate 100mg powder for injection,,1,dispensingUnit:each,1,1,TRUE,1,EM0148
EM0149,Prednisolone 5mg tablets,,1,dispensingUnit:each,1,1,TRUE,1,EM0149
EM0150,Tamoxifen 10mg tablets,,1,dispensingUnit:each,1,1,TRUE,1,EM0150
EM0151,Benzhexol 2mg tablets,,1,dispensingUnit:each,1,1,TRUE,1,EM0151
EM0152,Benztropine mesylate 1mg/ml inj,,1,dispensingUnit:each,1,1,TRUE,1,EM0152
EM0153,FerrosFumerate 140mg/5ml syrup,,1,dispensingUnit:each,1,1,TRUE,1,EM0153
EM0154,Ferrous Sulphate 200mg (60mg Ferrous iron) tablets,,1,dispensingUnit:each,1,1,TRUE,1,EM0154
EM0155,Ferrous Sulphate 200mg/Folic Acid 0.25mg tablets,,1,dispensingUnit:each,1,1,TRUE,1,EM0155
EM0156,Folic Acid 5mg tablets,,1,dispensingUnit:each,1,1,TRUE,1,EM0156
EM0157,"Cyanacobalamin (Vitamin B12 ) 1mg/ml injcetion, 1ml",,1,dispensingUnit:each,1,1,TRUE,1,EM0157
EM0158,"Iron Dextran 50mg ferrous iron/ml injection, 5ml",,1,dispensingUnit:each,1,1,TRUE,1,EM0158
EM0159,Aspirin (Acetylsalicylic acid) 75mg tablets,,1,dispensingUnit:each,1,1,TRUE,1,EM0159
EM0160,Aspirin (Acetylsalicylic acid) 300mg tablets,,1,dispensingUnit:each,1,1,TRUE,1,EM0160
EM0161,Dipyridamole 25mg/100mg tablets,,1,dispensingUnit:each,1,1,TRUE,1,EM0161
EM0162,"Heparin inj 500 iu/ml injcetion, 5ml",,1,dispensingUnit:each,1,1,TRUE,1,EM0162
EM0163,"Phytomenadione (Vitamin K) 10mg/ml injcetion, 1ml",,1,dispensingUnit:each,1,1,TRUE,1,EM0163
EM0164,Warfarin 5mg / 1mg tablets,,1,dispensingUnit:each,1,1,TRUE,1,EM0164
EM0165,Tranexamic acid 500mg inj 5ml,,1,dispensingUnit:each,1,1,TRUE,1,EM0165
EM0166,"Dextran ""70"" 6% Sodium Chloride 0.9% infusion,",,1,dispensingUnit:each,1,1,TRUE,1,EM0166
EM0167,"GlycerylTrinitrate (Nitroglycerine) 0.5mCg tablets, Sublingual",,1,dispensingUnit:each,1,1,TRUE,1,EM0167
EM0168,GlycerylTrinitrate (Nitroglycerine) 1mg/ml inj,,1,dispensingUnit:each,1,1,TRUE,1,EM0168
EM0169,IsosorbideDinitrate 10mg tablets,,1,dispensingUnit:each,1,1,TRUE,1,EM0169
EM0170,Nifedipine 10mg ablets /capsules,,1,dispensingUnit:each,1,1,TRUE,1,EM0170
EM0171,Propranolol 40mg tablets,,1,dispensingUnit:each,1,1,TRUE,1,EM0171
EM0172,Verapamil 40mg tablets,,1,dispensingUnit:each,1,1,TRUE,1,EM0172
EM0173,Amiodarone 200mg tablets,,1,dispensingUnit:each,1,1,TRUE,1,EM0173
EM0174,Atenolol 50mg tablets,,1,dispensingUnit:each,1,1,TRUE,1,EM0174
EM0175,Propranolol 40mg tablets,,1,dispensingUnit:each,1,1,TRUE,1,EM0175
EM0176,Verapamil 40mg tablets,,1,dispensingUnit:each,1,1,TRUE,1,EM0176
EM0177,Atenolol 50mg tablets,,1,dispensingUnit:each,1,1,TRUE,1,EM0177
EM0178,Amlodipine 5mg tablets,,1,dispensingUnit:each,1,1,TRUE,1,EM0178
EM0179,Captopril 25mg tablets,,1,dispensingUnit:each,1,1,TRUE,1,EM0179
EM0180,Bendrofluazide 5mg tablets,,1,dispensingUnit:each,1,1,TRUE,1,EM0180
EM0181,Enalapril 5mg tabs,,1,dispensingUnit:each,1,1,TRUE,1,EM0181
EM0182,Frusemide 40mg tablets,,1,dispensingUnit:each,1,1,TRUE,1,EM0182
EM0183,Frusemide 20mg/2ml injection,,1,dispensingUnit:each,1,1,TRUE,1,EM0183
EM0184,Hydralazine 25mg tablets,,1,dispensingUnit:each,1,1,TRUE,1,EM0184
EM0185,"Hydralazine 20mg/ml injcetion, 1ml",,1,dispensingUnit:each,1,1,TRUE,1,EM0185
EM0186,Hydrochlorothiazide 50mg/ 25mg tablets,,1,dispensingUnit:each,1,1,TRUE,1,EM0186
EM0187,Methyldopa 250mg tablets,,1,dispensingUnit:each,1,1,TRUE,1,EM0187
EM0188,Nifedipine 10mg/20mg tablets/capsules,,1,dispensingUnit:each,1,1,TRUE,1,EM0188
EM0189,Propranolol 40mg tablets,,1,dispensingUnit:each,1,1,TRUE,1,EM0189
EM0190,Propanolol 1mg/ml inj,,1,dispensingUnit:each,1,1,TRUE,1,EM0190
EM0191,Spironolactone 25mg tablets,,1,dispensingUnit:each,1,1,TRUE,1,EM0191
EM0192,Verapamil 40mg tablets,,1,dispensingUnit:each,1,1,TRUE,1,EM0192
EM0193,Digoxin 0.25mg tablets,,1,dispensingUnit:each,1,1,TRUE,1,EM0193
EM0194,"Dopamine 40mg/ml injcetion, 5ml",,1,dispensingUnit:each,1,1,TRUE,1,EM0194
EM0195,Benzoic Acid 6% Salicylic Acid 3% Ointment (Whitfields Ointment),,1,dispensingUnit:each,1,1,TRUE,1,EM0195
EM0196,Clotrimazole 1% cream,,1,dispensingUnit:each,1,1,TRUE,1,EM0196
EM0197,Miconazole 2% cream,,1,dispensingUnit:each,1,1,TRUE,1,EM0197
EM0198,Chlorhexidine 1% antiseptic cream,,1,dispensingUnit:each,1,1,TRUE,1,EM0198
EM0199,Crystal Violet (Gentian Violet) paint,,1,dispensingUnit:each,1,1,TRUE,1,EM0199
EM0200,Neomycin 0.5% /Bacitracin 500iu/g Ointment,,1,dispensingUnit:each,1,1,TRUE,1,EM0200
EM0201,Silver Sulphadiazine 1% cream,,1,dispensingUnit:each,1,1,TRUE,1,EM0201
EM0202,Tetracycline 3% ointment,,1,dispensingUnit:each,1,1,TRUE,1,EM0202
EM0203,Betamethasone 0.1% Ointment,,1,dispensingUnit:each,1,1,TRUE,1,EM0203
EM0204,Calamine Lotion BP,,1,dispensingUnit:each,1,1,TRUE,1,EM0204
EM0205,Hydrocortisone 1% cream,,1,dispensingUnit:each,1,1,TRUE,1,EM0205
EM0206,Lubricating Jelly,,1,dispensingUnit:each,1,1,TRUE,1,EM0206
EM0207,"Paraffin, soft White BP",,1,dispensingUnit:each,1,1,TRUE,1,EM0207
EM0208,Zinc Oxide 10% Ointment,,1,dispensingUnit:each,1,1,TRUE,1,EM0208
EM0209,"Silver Nitrate 95% caustic pencil, single",,1,dispensingUnit:each,1,1,TRUE,1,EM0209
EM0210,Podophyllin 2-10%,,1,dispensingUnit:each,1,1,TRUE,1,EM0210
EM0211,Benzyl Benzoate 25% application,,1,dispensingUnit:each,1,1,TRUE,1,EM0211
EM0212,Rapid Diagnostic Test (RDTs),,1,dispensingUnit:each,1,1,TRUE,1,EM0212
EM0213,"Fluprescein, diagnostic eye strips",,1,dispensingUnit:each,1,1,TRUE,1,EM0213
EM0214,Tropicamide 1% eye drops,,1,dispensingUnit:each,1,1,TRUE,1,EM0214
EM0215,Urografin 76%,,1,dispensingUnit:each,1,1,TRUE,1,EM0215
EM0216,Gastrografin,,1,dispensingUnit:each,1,1,TRUE,1,EM0216
EM0217,CT contrast medium,,1,dispensingUnit:each,1,1,TRUE,1,EM0217
EM0218,Barium Sulphate garnules for suspension,,1,dispensingUnit:each,1,1,TRUE,1,EM0218
EM0219,Cetrimide 15% /Chlorhexidine 1.5% concentrate,,1,dispensingUnit:each,1,1,TRUE,1,EM0219
EM0220,Chlorhexidine 5% concentrate,,1,dispensingUnit:each,1,1,TRUE,1,EM0220
EM0221,Povidone Iodine 10% aqueous solution,,1,dispensingUnit:each,1,1,TRUE,1,EM0221
EM0222,Glutaraldehyde 2% aqueous solution,,1,dispensingUnit:each,1,1,TRUE,1,EM0222
EM0223,Phenolic disinfectant(Lysol),,1,dispensingUnit:each,1,1,TRUE,1,EM0223
EM0224,Bendrofluazide 5mg tablets,,1,dispensingUnit:each,1,1,TRUE,1,EM0224
EM0225,Frusemide 40mg tablets,,1,dispensingUnit:each,1,1,TRUE,1,EM0225
EM0226,Frusemide 10mg/ml injection,,1,dispensingUnit:each,1,1,TRUE,1,EM0226
EM0227,Hydrochlorothiazide 50mg tablets,,1,dispensingUnit:each,1,1,TRUE,1,EM0227
EM0228,Spironolactone 25mg tablets,,1,dispensingUnit:each,1,1,TRUE,1,EM0228
EM0229,Magnesium Trisilicate Compound tablets,,1,dispensingUnit:each,1,1,TRUE,1,EM0229
EM0230,Omeprazole 10mg tablets,,1,dispensingUnit:each,1,1,TRUE,1,EM0230
EM0231,Omeprazole 40mg inj. Vial,,1,dispensingUnit:each,1,1,TRUE,1,EM0231
EM0232,Ranitidine 150mg tablets,,1,dispensingUnit:each,1,1,TRUE,1,EM0232
EM0233,"Ranitidine 25mg/ml, 2ml injection",,1,dispensingUnit:each,1,1,TRUE,1,EM0233
EM0234,Metoclopramide 10mg tablets,,1,dispensingUnit:each,1,1,TRUE,1,EM0234
EM0235,"Metoclopramide 5mg/ml injection, 2ml",,1,dispensingUnit:each,1,1,TRUE,1,EM0235
EM0236,Promethazine 25mg tablets,,1,dispensingUnit:each,1,1,TRUE,1,EM0236
EM0237,Promethazine 5mg/5ml syrup,,1,dispensingUnit:each,1,1,TRUE,1,EM0237
EM0238,"Promethazine 25mg/ml injcetion, 1ml",,1,dispensingUnit:each,1,1,TRUE,1,EM0238
EM0239,Benzocian 2%/Butamben 2%/Tannic acid 10% (Antihaemorrhoidal) Ointment,,1,dispensingUnit:each,1,1,TRUE,1,EM0239
EM0240,Bismuth subgallate 100mg/Zinc Oxide 100mg/Lignocian 60mg) suppositories,,1,dispensingUnit:each,1,1,TRUE,1,EM0240
EM0241,Atropine 0.5mg/ml injection,,1,dispensingUnit:each,1,1,TRUE,1,EM0241
EM0242,HyoscineButylbromide 10mg tablets,,1,dispensingUnit:each,1,1,TRUE,1,EM0242
EM0243,HyoscineButylbromide 10mg/ml injection,,1,dispensingUnit:each,1,1,TRUE,1,EM0243
EM0244,Bisacodyl 5mg tablets,,1,dispensingUnit:each,1,1,TRUE,1,EM0244
EM0245,Lactulose 3.1/3.7g/ml,,1,dispensingUnit:each,1,1,TRUE,1,EM0245
EM0246,Oral Rehydration Salts (ORS),,1,dispensingUnit:each,1,1,TRUE,1,EM0246
EM0247,Zinc sulphate 10mg tabs,,1,dispensingUnit:each,1,1,TRUE,1,EM0247
EM0248,Dexamethasone Sodium Phosphate 4mg/ml,,1,dispensingUnit:each,1,1,TRUE,1,EM0248
EM0249,Hydrocortisone Sodium Succinate 100mg powder for injection,,1,dispensingUnit:each,1,1,TRUE,1,EM0249
EM0250,Prednisolone 5mg tablets,,1,dispensingUnit:each,1,1,TRUE,1,EM0250
EM0251,Glibenclamide 5mg tablets,,1,dispensingUnit:each,1,1,TRUE,1,EM0251
EM0252,Insulin MIXTARD 100IU/ML injection,,1,dispensingUnit:each,1,1,TRUE,1,EM0252
EM0253,Insulin SOLUBLE100iu/ml injection,,1,dispensingUnit:each,1,1,TRUE,1,EM0253
EM0254,Metformin 500mg tablets,,1,dispensingUnit:each,1,1,TRUE,1,EM0254
EM0255,Norethisterone 5mg tablets,,1,dispensingUnit:each,1,1,TRUE,1,EM0255
EM0256,Carbimazole 5mg tablets,,1,dispensingUnit:each,1,1,TRUE,1,EM0256
EM0257,Thyroxine 0.1mg tablets,,1,dispensingUnit:each,1,1,TRUE,1,EM0257
EM0258,Lugols iodine,,1,dispensingUnit:each,1,1,TRUE,1,EM0258
EM0259,"Tuberculin, purified protein derivative",,1,dispensingUnit:each,1,1,TRUE,1,EM0259
EM0260,Rabies Immunoglobulins 150iu/ml,,1,dispensingUnit:each,1,1,TRUE,1,EM0260
EM0261,"Anti tetanus immunoglobulin, human 500iu",,1,dispensingUnit:each,1,1,TRUE,1,EM0261
EM0262,Anti D Immunoglobulin 250mcg,,1,dispensingUnit:each,1,1,TRUE,1,EM0262
EM0263,"Snake venom antiserum, Gambia",,1,dispensingUnit:each,1,1,TRUE,1,EM0263
EM0264,Neostigmine 2.5mg/ml injection,,1,dispensingUnit:each,1,1,TRUE,1,EM0264
EM0265,Pancuronium bromide 2mg/ml injection,,1,dispensingUnit:each,1,1,TRUE,1,EM0265
EM0266,Suxamethonium 50mg/ml injcetion,,1,dispensingUnit:each,1,1,TRUE,1,EM0266
EM0267,Aciclovir 3% eye ointment,,1,dispensingUnit:each,1,1,TRUE,1,EM0267
EM0268,Aciclovir eye drops,,1,dispensingUnit:each,1,1,TRUE,1,EM0268
EM0269,Chloramphenicol 0.5% /1.0% eye drops,,1,dispensingUnit:each,1,1,TRUE,1,EM0269
EM0270,Ciprofloxacin 0.3% eye drops,,1,dispensingUnit:each,1,1,TRUE,1,EM0270
EM0271,Gentamycin 0.3% Eye drops,,1,dispensingUnit:each,1,1,TRUE,1,EM0271
EM0272,Gentamycin/Neomycin eye ointment 0.3%/0.5%Hyalase injection 1500IU,,1,dispensingUnit:each,1,1,TRUE,1,EM0272
EM0273,Idoxuridine 0.5% eye drops,,1,dispensingUnit:each,1,1,TRUE,1,EM0273
EM0274,Natamycin drops,,1,dispensingUnit:each,1,1,TRUE,1,EM0274
EM0275,Tetracycline 1% eye ointment,,1,dispensingUnit:each,1,1,TRUE,1,EM0275
EM0276,Dexamethazone 0.1% eye drops,,1,dispensingUnit:each,1,1,TRUE,1,EM0276
EM0277,Prednisolone 0.5% eye drops,,1,dispensingUnit:each,1,1,TRUE,1,EM0277
EM0278,Sodium cromoglycate 2% eye drops,,1,dispensingUnit:each,1,1,TRUE,1,EM0278
EM0279,Ethanol Absolute 99.5% injection,,1,dispensingUnit:each,1,1,TRUE,1,EM0279
EM0280,Amethocaine (Tetracaine) 1% eye drops,,1,dispensingUnit:each,1,1,TRUE,1,EM0280
EM0281,Acetazolamide 250mg tablets,,1,dispensingUnit:each,1,1,TRUE,1,EM0281
EM0282,Pilocarpine 2% /4%eye drops,,1,dispensingUnit:each,1,1,TRUE,1,EM0282
EM0283,Timolol 0.25% /0.5%eye drops,,1,dispensingUnit:each,1,1,TRUE,1,EM0283
EM0284,Atropine 1% eye drops,,1,dispensingUnit:each,1,1,TRUE,1,EM0284
EM0285,Cyclopentolate 1%/0.5% eye drops,,1,dispensingUnit:each,1,1,TRUE,1,EM0285
EM0286,Tropicamide 1% eye drops,,1,dispensingUnit:each,1,1,TRUE,1,EM0286
EM0287,Ergometrine 0.5mg /ml injection,,1,dispensingUnit:each,1,1,TRUE,1,EM0287
EM0288,Ergometrine 0.5mg TAB,,1,dispensingUnit:each,1,1,TRUE,1,EM0288
EM0289,Misoprostol 200mg tablets,,1,dispensingUnit:each,1,1,TRUE,1,EM0289
EM0290,Oxytocin 10iu/ml,,1,dispensingUnit:each,1,1,TRUE,1,EM0290
EM0291,"Magnesium Sulphate 50% injection, vial",,1,dispensingUnit:each,1,1,TRUE,1,EM0291
EM0292,Amitriptyline 25mg,,1,dispensingUnit:each,1,1,TRUE,1,EM0292
EM0293,Chlorpromazine 25mg/ml injection,,1,dispensingUnit:each,1,1,TRUE,1,EM0293
EM0294,Chlorpromazine 25mg tablet,,1,dispensingUnit:each,1,1,TRUE,1,EM0294
EM0295,Chlorpromazine 100mg tablets,,1,dispensingUnit:each,1,1,TRUE,1,EM0295
EM0296,Diazepam 5mg tablets,,1,dispensingUnit:each,1,1,TRUE,1,EM0296
EM0297,Diazepam inj. 5mg/ml,,1,dispensingUnit:each,1,1,TRUE,1,EM0297
EM0298,Fluphenazinedecanoate 25mg/ml injection,,1,dispensingUnit:each,1,1,TRUE,1,EM0298
EM0299,Haloperidol 5mg /ml injection,,1,dispensingUnit:each,1,1,TRUE,1,EM0299
EM0300,Haloperidol 5mg tablets,,1,dispensingUnit:each,1,1,TRUE,1,EM0300
EM0301,Imipramine 25mg tablets,,1,dispensingUnit:each,1,1,TRUE,1,EM0301
EM0302,Risperidone 2mg tabs,,1,dispensingUnit:each,1,1,TRUE,1,EM0302
EM0303,Thioridazine 5omg/100mg tab,,1,dispensingUnit:each,1,1,TRUE,1,EM0303
EM0304,Trihexylphenidyl 2mg tablet,,1,dispensingUnit:each,1,1,TRUE,1,EM0304
EM0305,Adrenalne (Epinephrine) 1mg/ml injection,,1,dispensingUnit:each,1,1,TRUE,1,EM0305
EM0306,Aminophylline 25mg/ml injection,,1,dispensingUnit:each,1,1,TRUE,1,EM0306
EM0307,Aminophylline 100mg tablets,,1,dispensingUnit:each,1,1,TRUE,1,EM0307
EM0308,Beclomethasone 50mcg/dose inhaler,,1,dispensingUnit:each,1,1,TRUE,1,EM0308
EM0309,Ipratropium 250mcg/ml nebulizer,,1,dispensingUnit:each,1,1,TRUE,1,EM0309
EM0310,Salbutamol 4mg tablets,,1,dispensingUnit:each,1,1,TRUE,1,EM0310
EM0311,Salbutamol 2mg tablets,,1,dispensingUnit:each,1,1,TRUE,1,EM0311
EM0312,Salbutamol 2mg/5ml syrup,,1,dispensingUnit:each,1,1,TRUE,1,EM0312
EM0313,Salbutamol 2mg/ml respiratory solution,,1,dispensingUnit:each,1,1,TRUE,1,EM0313
EM0314,Salbutamol 50mcg/ml inj,,1,dispensingUnit:each,1,1,TRUE,1,EM0314
EM0315,Salbutamol 100mcg/dose inhaler,,1,dispensingUnit:each,1,1,TRUE,1,EM0315
EM0316,Oral Rehydration Salts (ORS),,1,dispensingUnit:each,1,1,TRUE,1,EM0316
EM0317,Calcium Gluconate 10% injection,,1,dispensingUnit:each,1,1,TRUE,1,EM0317
EM0318,Glucose (Dextrose) 50% Isotonic injection,,1,dispensingUnit:each,1,1,TRUE,1,EM0318
EM0319,Glucose (Dextrose) 5% hypertonic injection,,1,dispensingUnit:each,1,1,TRUE,1,EM0319
EM0320,Glucose 5% + Sodium Chloride 0.9% solution,,1,dispensingUnit:each,1,1,TRUE,1,EM0320
EM0321,Mannitol 10% /20% injection,,1,dispensingUnit:each,1,1,TRUE,1,EM0321
EM0322,Sodium Bicarbonate 8.4% injection,,1,dispensingUnit:each,1,1,TRUE,1,EM0322
EM0323,Sodium Chloride 0.9% Intravenous solution,,1,dispensingUnit:each,1,1,TRUE,1,EM0323
EM0324,Sodium Lactate Compound Intravenous solution,,1,dispensingUnit:each,1,1,TRUE,1,EM0324
EM0325,Water for injection,,1,dispensingUnit:each,1,1,TRUE,1,EM0325
EM0326,Ring pessaries (for uterine prolapses),,1,dispensingUnit:each,1,1,TRUE,1,EM0326
EM0327,Ascorbic Acid (Vitamin C) 500mg/100mg,,1,dispensingUnit:each,1,1,TRUE,1,EM0327
EM0328,Calcium Lactate 300mg tablets,,1,dispensingUnit:each,1,1,TRUE,1,EM0328
EM0329,Multivitamin tablets,,1,dispensingUnit:each,1,1,TRUE,1,EM0329
EM0330,Multivtamin syrup,,1,dispensingUnit:each,1,1,TRUE,1,EM0330
EM0331,Phytomenadione 10mg/ml inj,,1,dispensingUnit:each,1,1,TRUE,1,EM0331
EM0332,Pyridoxine 10mg/15mg tablets,,1,dispensingUnit:each,1,1,TRUE,1,EM0332
EM0333,"Retinol (Vitamin A ) 200,000 IU/6mg capsules",,1,dispensingUnit:each,1,1,TRUE,1,EM0333
EM0334,Thiamine 100mg tablets,,1,dispensingUnit:each,1,1,TRUE,1,EM0334
EM0335,Vitamin B Compound tablets,,1,dispensingUnit:each,1,1,TRUE,1,EM0335
EM0336,Vitamin B compound Inj,,1,dispensingUnit:each,1,1,TRUE,1,EM0336
EM0337,Abacavir 50mg/5ml syrup,,1,dispensingUnit:each,1,1,TRUE,1,EM0337
EM0338,"Abacavir/Lamivudine/Zidovudine 60/30/60mg,300/150/300mg tabs",,1,dispensingUnit:each,1,1,TRUE,1,EM0338
EM0339,Aciclovir 200mg tabs,,1,dispensingUnit:each,1,1,TRUE,1,EM0339
EM0340,Aciclovir 5% cream,,1,dispensingUnit:each,1,1,TRUE,1,EM0340
EM0341,Aciclovir 250mg powder (as sodium salt)/vial,,1,dispensingUnit:each,1,1,TRUE,1,EM0341
EM0342,"Didanosine 200mg, 250mg tabs",,1,dispensingUnit:each,1,1,TRUE,1,EM0342
EM0343,"Efavirenz 200mg, 600mg tabs",,1,dispensingUnit:each,1,1,TRUE,1,EM0343
EM0344,Lamivudine 50mg/5ml syrup,,1,dispensingUnit:each,1,1,TRUE,1,EM0344
EM0345,Lamivudine 150mg tabs,,1,dispensingUnit:each,1,1,TRUE,1,EM0345
EM0346,Lamivudine/Tenofovir 300/300mg(tab),,1,dispensingUnit:each,1,1,TRUE,1,EM0346
EM0347,Lamivudine 150mg / Zidovudine 300mg tabs,,1,dispensingUnit:each,1,1,TRUE,1,EM0347
EM0348,Lamivudine/Stavudine/Nevirapine 30/6/50(tab),,1,dispensingUnit:each,1,1,TRUE,1,EM0348
EM0349,"Lamivudine/Zidovudine/Nevirapine 30/60/50mg(tab),150/300/200mg tabs",,1,dispensingUnit:each,1,1,TRUE,1,EM0349
EM0350,Nevirapine 50mg/ml,,1,dispensingUnit:each,1,1,TRUE,1,EM0350
EM0351,Nevirapine 200mg tabs,,1,dispensingUnit:each,1,1,TRUE,1,EM0351
EM0352,Tenofovir 300mg tabs,,1,dispensingUnit:each,1,1,TRUE,1,EM0352
EM0353,Stavudine 15mg tabs,,1,dispensingUnit:each,1,1,TRUE,1,EM0353
EM0354,Zidovudine 50mg/5ml syrup,,1,dispensingUnit:each,1,1,TRUE,1,EM0354
EM0355,Zidovudine 300mg tabs,,1,dispensingUnit:each,1,1,TRUE,1,EM0355
EM0356,Tamsulosin 400mcg capsule,,1,dispensingUnit:each,1,1,TRUE,1,EM0356
EM0357,Terazosin 2mg/5mg tablet,,1,dispensingUnit:each,1,1,TRUE,1,EM0357
EM0358,Clomiphene citrate 50mg tab,,1,dispensingUnit:each,1,1,TRUE,1,EM0358
EM0359,Antihaemorrhoidal suppositories/ ointment,,1,dispensingUnit:each,1,1,TRUE,1,EM0359
EM0360,Erythropoietin,,1,dispensingUnit:each,1,1,TRUE,1,EM0360
EM0361,Total Parental Nutrition,,1,dispensingUnit:each,1,1,TRUE,1,EM0361
EM0362,Water for injection,,1,dispensingUnit:each,1,1,TRUE,1,EM0362
EM0363,Allupurinol 100mg/300mg,,1,dispensingUnit:each,1,1,TRUE,1,EM0363
EM0364,Chloroquine 150mg base,,1,dispensingUnit:each,1,1,TRUE,1,EM0364
EM0365,Albumin 5%/20%,,1,dispensingUnit:each,1,1,TRUE,1,EM0365
EM0366,Bromocriptine,,1,dispensingUnit:each,1,1,TRUE,1,EM0366
EM0367,Cabergolin,,1,dispensingUnit:each,1,1,TRUE,1,EM0367
LC0001,HIV 1/2-O - First Response HIV 1-2.0 v.3.0 Cards Kit - 30 tests,,1,dispensingUnit:each,1,1,TRUE,1,LC0001
LC0002,HIV 1/2 – MultiSure HIV Rapid Test – 20 tests,,1,dispensingUnit:each,1,1,TRUE,1,LC0002
LC0003,ALERE DETERMINE™ HIV-1/HIV-2 RAPID TEST Complete HIV Kit - 100 tests,,1,dispensingUnit:each,1,1,TRUE,1,LC0003
LC0004,SD Bioline HIV/Syphilis Duo Test Kit -(25 test/kit),,1,dispensingUnit:each,1,1,TRUE,1,LC0004
LC0005,Abbott 96 Deep well Plates,,1,dispensingUnit:each,1,1,TRUE,1,LC0005
LC0006,Abbott 96 well Optical Reaction Plates,,1,dispensingUnit:each,1,1,TRUE,1,LC0006
LC0007,Abbott 96 well Optical Adhesive Covers 1 x 100pcs,,1,dispensingUnit:each,1,1,TRUE,1,LC0007
LC0008,"Abbott RealTime HIV Amplification reagent kit ,96 pcs",,1,dispensingUnit:each,1,1,TRUE,1,LC0008
LC0009,Abbott RealTime HIV Calibrator kit,,1,dispensingUnit:each,1,1,TRUE,1,LC0009
LC0010,Abbott RealTime HIV Control kit,,1,dispensingUnit:each,1,1,TRUE,1,LC0010
LC0011,Abbott RealTime HIV Qual. Control kit,,1,dispensingUnit:each,1,1,TRUE,1,LC0011
LC0012,Abbott RealTime HIV Qualitative Amplification reagent kits,,1,dispensingUnit:each,1,1,TRUE,1,LC0012
LC0013,"Abbott Sample Preparation Reagents system bulk lysis buffer,3X70ml",,1,dispensingUnit:each,1,1,TRUE,1,LC0013
LC0014,Absolute Ethanol 1L,,1,dispensingUnit:each,1,1,TRUE,1,LC0014
LC0015,BD FACSClean (5L),,1,dispensingUnit:each,1,1,TRUE,1,LC0015
LC0016,BD FACSRinse (5L),,1,dispensingUnit:each,1,1,TRUE,1,LC0016
LC0017,Blue paper towel Roll 1 x 24 pcs,,1,dispensingUnit:each,1,1,TRUE,1,LC0017
LC0018,Consumables for dialysis,,1,dispensingUnit:each,1,1,TRUE,1,LC0018
LC0019,Consumables for lab,,1,dispensingUnit:each,1,1,TRUE,1,LC0019
LC0020,"Cryo tubes 2 mls ,1000pcs",,1,dispensingUnit:each,1,1,TRUE,1,LC0020
LC0021,100 well Cryovial box,,1,dispensingUnit:each,1,1,TRUE,1,LC0021
LC0022,DBS filter papers (Whatman 903TM- five half-inch circles) x 100,,1,dispensingUnit:each,1,1,TRUE,1,LC0022
LC0023,BD Vacutainer EDTA 4ml Blood Collection Tube -1000pcs,,1,dispensingUnit:each,1,1,TRUE,1,LC0023
LC0024,Examination gloves latex (right and left) small,,1,dispensingUnit:each,1,1,TRUE,1,LC0024
LC0025,Examination gloves latex (right and left) medium,,1,dispensingUnit:each,1,1,TRUE,1,LC0025
LC0026,Examination gloves latex (right and left) large,,1,dispensingUnit:each,1,1,TRUE,1,LC0026
LC0027,FACSCount Controls (25 tests),,1,dispensingUnit:each,1,1,TRUE,1,LC0027
LC0028,FACSCount Reagents (50 tests),,1,dispensingUnit:each,1,1,TRUE,1,LC0028
LC0029,FACSFlow 20l,,1,dispensingUnit:each,1,1,TRUE,1,LC0029
LC0030,HB301 microcurvette,,1,dispensingUnit:each,1,1,TRUE,1,LC0030
LC0031,Hemocue HB301 Analyzer g/dl,,1,dispensingUnit:each,1,1,TRUE,1,LC0031
LC0032,m2000sp 1000ul Pipette Tip,,1,dispensingUnit:each,1,1,TRUE,1,LC0032
LC0033,m2000sp 200mL Reagent Vessel,,1,dispensingUnit:each,1,1,TRUE,1,LC0033
LC0034,m2000sp 200ul Pipette Tip,,1,dispensingUnit:each,1,1,TRUE,1,LC0034
LC0035,m2000sp 96 Deep Well Plate 1 x 32pcs,,1,dispensingUnit:each,1,1,TRUE,1,LC0035
LC0036,"m2000sp Reaction Vessels , 4 x 500 pcs",,1,dispensingUnit:each,1,1,TRUE,1,LC0036
LC0037,m2000sp Biohazard bag 1 x 50pcs,,1,dispensingUnit:each,1,1,TRUE,1,LC0037
LC0038,"m2000sp tube master mix with caps ,25pcs",,1,dispensingUnit:each,1,1,TRUE,1,LC0038
LC0039,Medonic control (blood) tri-level 16 parameters,,1,dispensingUnit:each,1,1,TRUE,1,LC0039
LC0040,Medonic M-series diluent reagent,,1,dispensingUnit:each,1,1,TRUE,1,LC0040
LC0041,Medonic M-series lysing reagent,,1,dispensingUnit:each,1,1,TRUE,1,LC0041
LC0042,Abbott mSample Preparation system RNA kit (4x24),,1,dispensingUnit:each,1,1,TRUE,1,LC0042
LC0043,Abbott mSample Preparation system DNA kit (4x24),,1,dispensingUnit:each,1,1,TRUE,1,LC0043
LC0044,Optical calibration kits 1x 10pcs,,1,dispensingUnit:each,1,1,TRUE,1,LC0044
LC0045,Pima Cartridge kit,,1,dispensingUnit:each,1,1,TRUE,1,LC0045
LC0046,Pippets Yellow tips 200ul-1000 pcs,,1,dispensingUnit:each,1,1,TRUE,1,LC0046
LC0047,Pippets Yellow tips 20ul-1000 pcs,,1,dispensingUnit:each,1,1,TRUE,1,LC0047
LC0048,FASCount Thermal printer roll (10 roll),,1,dispensingUnit:each,1,1,TRUE,1,LC0048
LC0049,Screening Test- reference lab -Murex HIV ELISA Ag/Ab combination,,1,dispensingUnit:each,1,1,TRUE,1,LC0049
LC0050,Supply Kits for PHC,,1,dispensingUnit:each,1,1,TRUE,1,LC0050
LC0051,"Urine Container, Universal",,1,dispensingUnit:each,1,1,TRUE,1,LC0051
LC0052,"Urine Test Strips, 3 Parameters, Bottles/100 Tests (Bottle)",,1,dispensingUnit:each,1,1,TRUE,1,LC0052
LC0053,"Urine Test Strips, 10 Parameters, Bottles/100 Tests (Bottle)",,1,dispensingUnit:each,1,1,TRUE,1,LC0053
LC0054,Xpert Cartridge -EID,,1,dispensingUnit:each,1,1,TRUE,1,LC0054
LC0055,Xpert Cartridge-VL,,1,dispensingUnit:each,1,1,TRUE,1,LC0055
LC0056,Sulphuric Acid,,1,dispensingUnit:each,1,1,TRUE,1,LC0056
LC0057,"Single Channel Pipette P10, 100, P200, P1000",,1,dispensingUnit:each,1,1,TRUE,1,LC0057
LC0058,Multi Channel Pipette,,1,dispensingUnit:each,1,1,TRUE,1,LC0058
LC0059,Pipette Holder,,1,dispensingUnit:each,1,1,TRUE,1,LC0059
LC0060,ELISA Plate reader,,1,dispensingUnit:each,1,1,TRUE,1,LC0060
LC0061,ELISA palte Washer,,1,dispensingUnit:each,1,1,TRUE,1,LC0061
LC0062,Centrifuge,,1,dispensingUnit:each,1,1,TRUE,1,LC0062
LC0063,Incubator,,1,dispensingUnit:each,1,1,TRUE,1,LC0063
LC0064,Needle and Syringe,,1,dispensingUnit:each,1,1,TRUE,1,LC0064
LC0065,Sharp boxes,,1,dispensingUnit:each,1,1,TRUE,1,LC0065
LC0066,Absorbent Lab paper,,1,dispensingUnit:each,1,1,TRUE,1,LC0066
LC0067,BACTEC MGIT 960 PZA KIT,,1,dispensingUnit:each,1,1,TRUE,1,LC0067
LC0068,BACTEC MGIT 960 PZA TUBE,,1,dispensingUnit:each,1,1,TRUE,1,LC0068
LC0069,BACTEC MGIT 960 SIRE KIT,,1,dispensingUnit:each,1,1,TRUE,1,LC0069
LC0070,"BACTEC MGIT Growth Supplement Kit, (come together with Panta)",,1,dispensingUnit:each,1,1,TRUE,1,LC0070
LC0071,BACTEC MIGIT 960 control vials,,1,dispensingUnit:each,1,1,TRUE,1,LC0071
LC0072,BB BACTEC MIGIT960 Ethambutol 7.5 kit,,1,dispensingUnit:each,1,1,TRUE,1,LC0072
LC0073,BBL MGIT Tubes for use in BACTEC MGIT 960 System (7ml),,1,dispensingUnit:each,1,1,TRUE,1,LC0073
LC0074,"BBL® MGIT™ OADC, 15 ml carton of 6 vials enrichment",,1,dispensingUnit:each,1,1,TRUE,1,LC0074
LC0075,BD DACTEC MIGIT 960 Isoniazid 4.0 kit,,1,dispensingUnit:each,1,1,TRUE,1,LC0075
LC0076,Biohazard bags,,1,dispensingUnit:each,1,1,TRUE,1,LC0076
LC0077,Blood Agar Base 500g,,1,dispensingUnit:each,1,1,TRUE,1,LC0077
LC0078,Cetylperidium chloride,,1,dispensingUnit:each,1,1,TRUE,1,LC0078
LC0079,Combitips 12.5ml,,1,dispensingUnit:each,1,1,TRUE,1,LC0079
LC0080,Combitips 5ml,,1,dispensingUnit:each,1,1,TRUE,1,LC0080
LC0081,Di sodium hydrogen phosphate dodehydrate,,1,dispensingUnit:each,1,1,TRUE,1,LC0081
LC0082,Floating test tubes Rack,,1,dispensingUnit:each,1,1,TRUE,1,LC0082
LC0083,Four way rack for 15-50ml tube,,1,dispensingUnit:each,1,1,TRUE,1,LC0083
LC0084,"four way rack for 15-50ml tube,floating test tubes rack, modular heating block and streile plastic forcep",,1,dispensingUnit:each,1,1,TRUE,1,LC0084
LC0085,GenoType® MTBDRplus Version 2.0 kit,,1,dispensingUnit:each,1,1,TRUE,1,LC0085
LC0086,GenoType® MTBDRsl kit(without Genolyse),,1,dispensingUnit:each,1,1,TRUE,1,LC0086
LC0087,GenoType® Mycobacterium AS (without GenLyse),,1,dispensingUnit:each,1,1,TRUE,1,LC0087
LC0088,GenoType® Mycobacterium CM version 2 (without GenoLyse),,1,dispensingUnit:each,1,1,TRUE,1,LC0088
LC0089,GenoType® MyTBC,,1,dispensingUnit:each,1,1,TRUE,1,LC0089
LC0090,Hycolin,,1,dispensingUnit:each,1,1,TRUE,1,LC0090
LC0091,Hydrochloric acid,,1,dispensingUnit:each,1,1,TRUE,1,LC0091
LC0092,"Lab guard, (6x1L)",,1,dispensingUnit:each,1,1,TRUE,1,LC0092
LC0093,Label for cryovial,,1,dispensingUnit:each,1,1,TRUE,1,LC0093
LC0094,label for cryovial,,1,dispensingUnit:each,1,1,TRUE,1,LC0094
LC0095,Laboratory gown- surgical blue,,1,dispensingUnit:each,1,1,TRUE,1,LC0095
LC0096,Long 1 ml tip with filter,,1,dispensingUnit:each,1,1,TRUE,1,LC0096
LC0097,Long 1 ml tip with filter,,1,dispensingUnit:each,1,1,TRUE,1,LC0097
LC0098,MGIT TB Identification Kit,,1,dispensingUnit:each,1,1,TRUE,1,LC0098
LC0099,Microcentrifuge tubes 1.5ml,,1,dispensingUnit:each,1,1,TRUE,1,LC0099
LC0100,Microcentrifuge tubes 2 ml,,1,dispensingUnit:each,1,1,TRUE,1,LC0100
LC0101,microcentrifuge tubes1.5ml and 50ml,,1,dispensingUnit:each,1,1,TRUE,1,LC0101
LC0102,Molecular grade water,,1,dispensingUnit:each,1,1,TRUE,1,LC0102
LC0103,N95 Mask,,1,dispensingUnit:each,1,1,TRUE,1,LC0103
LC0104,N-Acetyl L cysteine,,1,dispensingUnit:each,1,1,TRUE,1,LC0104
LC0105,PCR tube 0.2ml,,1,dispensingUnit:each,1,1,TRUE,1,LC0105
LC0106,Petri Dish plastic,,1,dispensingUnit:each,1,1,TRUE,1,LC0106
LC0107,Potassium dihydrogen phosphate,,1,dispensingUnit:each,1,1,TRUE,1,LC0107
LC0108,Quick chiller for tubes 0.2 to 1.5ml,,1,dispensingUnit:each,1,1,TRUE,1,LC0108
LC0109,Rack for 1.5- 2ml tubes,,1,dispensingUnit:each,1,1,TRUE,1,LC0109
LC0110,Rack for 1.5-2ml and 50ml tubes,,1,dispensingUnit:each,1,1,TRUE,1,LC0110
LC0111,Rack for 3 single channel pipettes,,1,dispensingUnit:each,1,1,TRUE,1,LC0111
LC0112,"Rack for 3,4 and 5 single channel pipettes. See detailed list",,1,dispensingUnit:each,1,1,TRUE,1,LC0112
LC0113,Rack for 4 single channel pipettes,,1,dispensingUnit:each,1,1,TRUE,1,LC0113
LC0114,Rack for 50ml Tubes,,1,dispensingUnit:each,1,1,TRUE,1,LC0114
LC0115,Rack for 6 single channel pipettes,,1,dispensingUnit:each,1,1,TRUE,1,LC0115
LC0116,Rack for PCR tube of 0.2ml,,1,dispensingUnit:each,1,1,TRUE,1,LC0116
LC0117,Rack for 1.5-2ml tubes,,1,dispensingUnit:each,1,1,TRUE,1,LC0117
LC0118,Rack for sterile Cryovial 2ml,,1,dispensingUnit:each,1,1,TRUE,1,LC0118
LC0119,Reagent powder-DST Clofazine,,1,dispensingUnit:each,1,1,TRUE,1,LC0119
LC0120,Reagent powder-DST-Ethionamide,,1,dispensingUnit:each,1,1,TRUE,1,LC0120
LC0121,"Repetitive pippette combitips, combitips 5 mls,ansd 12.5combitips",,1,dispensingUnit:each,1,1,TRUE,1,LC0121
LC0122,Repetitive pippette for Combitips,,1,dispensingUnit:each,1,1,TRUE,1,LC0122
LC0123,sealing film,,1,dispensingUnit:each,1,1,TRUE,1,LC0123
LC0124,single channel pipette 10-100ul,,1,dispensingUnit:each,1,1,TRUE,1,LC0124
LC0125,single channel pipette 1-10ul,,1,dispensingUnit:each,1,1,TRUE,1,LC0125
LC0126,Single channel pipette 200-1000ul,,1,dispensingUnit:each,1,1,TRUE,1,LC0126
LC0127,Single channel pipette 20-200ul,,1,dispensingUnit:each,1,1,TRUE,1,LC0127
LC0128,single channel pipette 2-20ul,,1,dispensingUnit:each,1,1,TRUE,1,LC0128
LC0129,sodium chloride,,1,dispensingUnit:each,1,1,TRUE,1,LC0129
LC0130,Sodium hydroxide(NaoH),,1,dispensingUnit:each,1,1,TRUE,1,LC0130
LC0131,steel lab forcep,,1,dispensingUnit:each,1,1,TRUE,1,LC0131
LC0132,steel lab forcep ans sealing film,,1,dispensingUnit:each,1,1,TRUE,1,LC0132
LC0133,Sterile cryovial 2ml single handed,,1,dispensingUnit:each,1,1,TRUE,1,LC0133
LC0134,Sterile cryovial 2ml-2ml single handed and label for cryovial,,1,dispensingUnit:each,1,1,TRUE,1,LC0134
LC0135,sterile filter tips 0.1-10ul,,1,dispensingUnit:each,1,1,TRUE,1,LC0135
LC0136,sterile filter tips 0.2-20ul,,1,dispensingUnit:each,1,1,TRUE,1,LC0136
LC0137,sterile filter tips 100-1000ul,,1,dispensingUnit:each,1,1,TRUE,1,LC0137
LC0138,sterile filter tips 1-200ul,,1,dispensingUnit:each,1,1,TRUE,1,LC0138
LC0139,sterile filter tips 5-100ul,,1,dispensingUnit:each,1,1,TRUE,1,LC0139
LC0140,Sterile plastic centrifuge tubes 15ml,,1,dispensingUnit:each,1,1,TRUE,1,LC0140
LC0141,Sterile plastic centrifuge tubes 50ml,,1,dispensingUnit:each,1,1,TRUE,1,LC0141
LC0142,Sterile plastic lab forceps,,1,dispensingUnit:each,1,1,TRUE,1,LC0142
LC0143,Sterisation autoclave tape,,1,dispensingUnit:each,1,1,TRUE,1,LC0143
LC0144,storage cardboard box for sterile cyrovial 2ml,,1,dispensingUnit:each,1,1,TRUE,1,LC0144
LC0145,storage plastic box for PCR tubes 0.2ml,,1,dispensingUnit:each,1,1,TRUE,1,LC0145
LC0146,storage plastic box for sterile cryovial 2ml,,1,dispensingUnit:each,1,1,TRUE,1,LC0146
LC0147,Sulphuric acid,,1,dispensingUnit:each,1,1,TRUE,1,LC0147
LC0148,"Syring and needle-5/21G (auto-disabling) 5ml, 21G",,1,dispensingUnit:each,1,1,TRUE,1,LC0148
LC0149,Tri Sodium citrate dihydrate,,1,dispensingUnit:each,1,1,TRUE,1,LC0149
LC0150,Trypton Soya broth 500g,,1,dispensingUnit:each,1,1,TRUE,1,LC0150
LC0151,XPERT MTB/XDR Cartridge,,1,dispensingUnit:each,1,1,TRUE,1,LC0151
LC0152,Xpert MTB/RIF Ultra,,1,dispensingUnit:each,1,1,TRUE,1,LC0152
LC0153,GeneXpert XVI Module,,1,dispensingUnit:each,1,1,TRUE,1,LC0153
LC0154,Malaria Rapid Diagnostic Test Kit - Pf/PAN - 25 tests,,1,dispensingUnit:each,1,1,TRUE,1,LC0154
LC0155,Pipette Tips - Yellow 2-200ul (1000),,1,dispensingUnit:each,1,1,TRUE,1,LC0155
LC0156,Pipette Tips - Blue 100-1000ul (1000),,1,dispensingUnit:each,1,1,TRUE,1,LC0156
LC0157,Blood Lancets ( 200pcs),,1,dispensingUnit:each,1,1,TRUE,1,LC0157
LC0158,Heparinized Capillary Tubes (100pcs),,1,dispensingUnit:each,1,1,TRUE,1,LC0158
LC0159,Cristaseal (100pcs),,1,dispensingUnit:each,1,1,TRUE,1,LC0159
LC0160,Drabkins Capsules (12pcs),,1,dispensingUnit:each,1,1,TRUE,1,LC0160
LC0161,Blood collection tube - plain glass - 5ml - red - pack of 1000,,1,dispensingUnit:each,1,1,TRUE,1,LC0161
LC0162,"EDTA tubes 2.5 ml ,100 pcs",,1,dispensingUnit:each,1,1,TRUE,1,LC0162
LC0163,Blue Tissue( Roll),,1,dispensingUnit:each,1,1,TRUE,1,LC0163
LC0164,"HB microcuvette 301 , 50pcs",,1,dispensingUnit:each,1,1,TRUE,1,LC0164
LC0165,"immerson oil , 125ml",,1,dispensingUnit:each,1,1,TRUE,1,LC0165
LC0166,Field Stain A bottle,,1,dispensingUnit:each,1,1,TRUE,1,LC0166
LC0167,Field Stain B bottle,,1,dispensingUnit:each,1,1,TRUE,1,LC0167
LC0168,Microscope slides - frosted end - 76x25mm - 144 slides,,1,dispensingUnit:each,1,1,TRUE,1,LC0168
LC0169,"Hb calibration standards (3.0 g/dl, 11.5 g/dl & 18.0 g/dl)",,1,dispensingUnit:each,1,1,TRUE,1,LC0169
LC0170,"Citrate tubes 2.5 ml, 100 pcs",,1,dispensingUnit:each,1,1,TRUE,1,LC0170
LC0171,Absolute methanol (96 -99%),,1,dispensingUnit:each,1,1,TRUE,1,LC0171
LC0172,Giemsa stain powder,,1,dispensingUnit:each,1,1,TRUE,1,LC0172
LC0173,Glycerol,,1,dispensingUnit:each,1,1,TRUE,1,LC0173
LC0174,Graduated Measuring Cylinder ( 50 ml & 1000 ml),,1,dispensingUnit:each,1,1,TRUE,1,LC0174
LC0175,Weighing scale,,1,dispensingUnit:each,1,1,TRUE,1,LC0175
LC0176,"Filter paper, 11 cm in diameter",,1,dispensingUnit:each,1,1,TRUE,1,LC0176
LC0177,"Beaker, 250 ml capacity",,1,dispensingUnit:each,1,1,TRUE,1,LC0177
LC0178,Funnel,,1,dispensingUnit:each,1,1,TRUE,1,LC0178
LC0179,Glass beads (5 mm),,1,dispensingUnit:each,1,1,TRUE,1,LC0179
LC0180,Gloves (non-latex),,1,dispensingUnit:each,1,1,TRUE,1,LC0180
LC0181,Water bath,,1,dispensingUnit:each,1,1,TRUE,1,LC0181
LC0182,Goggles,,1,dispensingUnit:each,1,1,TRUE,1,LC0182
LC0183,Teaching microscope,,1,dispensingUnit:each,1,1,TRUE,1,LC0183
LC0184,Slide storage boxes,,1,dispensingUnit:each,1,1,TRUE,1,LC0184
LC0185,Pipette (P20),,1,dispensingUnit:each,1,1,TRUE,1,LC0185
LC0186,Pipette (P2-10),,1,dispensingUnit:each,1,1,TRUE,1,LC0186
LC0187,Slide tray,,1,dispensingUnit:each,1,1,TRUE,1,LC0187
LC0188,Tally counters,,1,dispensingUnit:each,1,1,TRUE,1,LC0188
LC0189,Timer,,1,dispensingUnit:each,1,1,TRUE,1,LC0189
LC0190,Buffer tablets 7.2,,1,dispensingUnit:each,1,1,TRUE,1,LC0190
LC0191,Giemsa stain bottle,,1,dispensingUnit:each,1,1,TRUE,1,LC0191
LC0192,Cotton wool (absorbent),,1,dispensingUnit:each,1,1,TRUE,1,LC0192
LC0193,Conical flask,,1,dispensingUnit:each,1,1,TRUE,1,LC0193
LC0194,Potassium dihydrogen phosphate (anhydrous) (KH2PO4),,1,dispensingUnit:each,1,1,TRUE,1,LC0194
LC0195,Potassium hydrogen phosphate (anhydrous) (Na2PO4),,1,dispensingUnit:each,1,1,TRUE,1,LC0195
LC0196,pH Meter,,1,dispensingUnit:each,1,1,TRUE,1,LC0196
LC0197,Lens cleaning fluid,,1,dispensingUnit:each,1,1,TRUE,1,LC0197
LC0198,Test tube,,1,dispensingUnit:each,1,1,TRUE,1,LC0198
LC0199,PCV machine,,1,dispensingUnit:each,1,1,TRUE,1,LC0199
LC0200,Spreader,,1,dispensingUnit:each,1,1,TRUE,1,LC0200
LC0201,Antisera A Blood Grouping Serum 10ml,,1,dispensingUnit:each,1,1,TRUE,1,LC0201
LC0202,Antisera AB Blood Grouping Serum 10ml,,1,dispensingUnit:each,1,1,TRUE,1,LC0202
LC0203,Antisera B Blood Grouping Serum 10ml,,1,dispensingUnit:each,1,1,TRUE,1,LC0203
LC0204,Antisera D Blood Grouping Serum 10ml,,1,dispensingUnit:each,1,1,TRUE,1,LC0204
LC0205,Blood bags (Double 450ml CPDA),,1,dispensingUnit:each,1,1,TRUE,1,LC0205
LC0206,Blood bags (Single 150ml CPDA),,1,dispensingUnit:each,1,1,TRUE,1,LC0206
LC0207,Blood bags (Single 450ml CPDA),,1,dispensingUnit:each,1,1,TRUE,1,LC0207
LC0208,"Blood Collection Vacutainer Tube 4ml K2-EDTA Pupple, (100pcs)",,1,dispensingUnit:each,1,1,TRUE,1,LC0208
LC0209,Blood Grouping Tile (10pcs),,1,dispensingUnit:each,1,1,TRUE,1,LC0209
LC0210,Capillary Tubes Heparinized 75mm (100pcs),,1,dispensingUnit:each,1,1,TRUE,1,LC0210
LC0211,Coombs Test kit (10ml),,1,dispensingUnit:each,1,1,TRUE,1,LC0211
LC0212,"Cotton wool, absorbent, 500g",,1,dispensingUnit:each,1,1,TRUE,1,LC0212
LC0213,"Counter Hand Tally, Range 0-9999, With Zero Reset Knob",,1,dispensingUnit:each,1,1,TRUE,1,LC0213
LC0214,"Counting Chamber Improved Neubeuer, Unit/Each",,1,dispensingUnit:each,1,1,TRUE,1,LC0214
LC0215,"Cover Slips for Counting Chamber, Pack/10pcs",,1,dispensingUnit:each,1,1,TRUE,1,LC0215
LC0216,"Cover Slips, 22x22mm, N0.1.0.13-0.17mm Thick, Pack/100",,1,dispensingUnit:each,1,1,TRUE,1,LC0216
LC0217,Cristaseal Pad (Wax) Sealant For Capillary Tubes (10pcs),,1,dispensingUnit:each,1,1,TRUE,1,LC0217
LC0218,Drapkin Capsule (6 x 6pcs),,1,dispensingUnit:each,1,1,TRUE,1,LC0218
LC0219,ESR Tubes,,1,dispensingUnit:each,1,1,TRUE,1,LC0219
LC0220,"Field Stain A, Solution (500ml)",,1,dispensingUnit:each,1,1,TRUE,1,LC0220
LC0221,"Field Stain B, Solution (500ml)",,1,dispensingUnit:each,1,1,TRUE,1,LC0221
LC0222,HB Standards High/Low/Normal,,1,dispensingUnit:each,1,1,TRUE,1,LC0222
LC0223,Hemocue HB201 Glucose Microcuvettes (200pcs),,1,dispensingUnit:each,1,1,TRUE,1,LC0223
LC0224,Hemocue HB301 Microcuvettes (200pcs),,1,dispensingUnit:each,1,1,TRUE,1,LC0224
LC0225,Microscope Slides 76x26mm Twin Frosted End (50pcs),,1,dispensingUnit:each,1,1,TRUE,1,LC0225
LC0226,Sodium Metabisulphate Bottle/500gm,,1,dispensingUnit:each,1,1,TRUE,1,LC0226
LC0227,"Syringe, 2ml, Luer Tip and Needles 23Gx1.25inch, Pack/100pcs",,1,dispensingUnit:each,1,1,TRUE,1,LC0227
LC0228,"Syringe, 5ml, Luer Tip and Needles 21Gx1.5inch, Pack/100pcs",,1,dispensingUnit:each,1,1,TRUE,1,LC0228
LC0229,Tourniquets Large,,1,dispensingUnit:each,1,1,TRUE,1,LC0229
LC0230,Amoxicillin 10μg,,1,dispensingUnit:each,1,1,TRUE,1,LC0230
LC0231,Amoxicillin clavulanate 20/10μg,,1,dispensingUnit:each,1,1,TRUE,1,LC0231
LC0232,Ampicillin 10µg,,1,dispensingUnit:each,1,1,TRUE,1,LC0232
LC0233,Ampiclox 10μg,,1,dispensingUnit:each,1,1,TRUE,1,LC0233
LC0234,Antimicrobial Disc Dispenser,,1,dispensingUnit:each,1,1,TRUE,1,LC0234
LC0235,"API 20E Strips + Media Biomerieux, Box/50 (50pcs)",,1,dispensingUnit:each,1,1,TRUE,1,LC0235
LC0236,Azithromycin 30µg,,1,dispensingUnit:each,1,1,TRUE,1,LC0236
LC0237,Benzylpenicillin 1ug,,1,dispensingUnit:each,1,1,TRUE,1,LC0237
LC0238,Cefepime 10μg,,1,dispensingUnit:each,1,1,TRUE,1,LC0238
LC0239,"Cefotaxime 30µg, Pack/10x5pcs",,1,dispensingUnit:each,1,1,TRUE,1,LC0239
LC0240,Cefoxitin 30ug,,1,dispensingUnit:each,1,1,TRUE,1,LC0240
LC0241,"Ceftazidime 30µg, Pack/10x5pcs",,1,dispensingUnit:each,1,1,TRUE,1,LC0241
LC0242,"Ceftriazone 30µg, Pack/10x5pcs",,1,dispensingUnit:each,1,1,TRUE,1,LC0242
LC0243,Cefuroxime 30ug,,1,dispensingUnit:each,1,1,TRUE,1,LC0243
LC0244,"Cefuroxime 30µg, Pack/10x5pcs",,1,dispensingUnit:each,1,1,TRUE,1,LC0244
LC0245,Cephalaxin 10ug,,1,dispensingUnit:each,1,1,TRUE,1,LC0245
LC0246,"Chloramphenicol 10µg, Pack/10x5pcs",,1,dispensingUnit:each,1,1,TRUE,1,LC0246
LC0247,"Chloramphenicol 30µg, Pack/10x5pcs",,1,dispensingUnit:each,1,1,TRUE,1,LC0247
LC0248,"Cholera antiserum, Bottle/2ml",,1,dispensingUnit:each,1,1,TRUE,1,LC0248
LC0249,"Ciprofloxacin 10µg, Pack/10x5pcs",,1,dispensingUnit:each,1,1,TRUE,1,LC0249
LC0250,"Ciprofloxacin 5µg, Pack/10x5pcs",,1,dispensingUnit:each,1,1,TRUE,1,LC0250
LC0251,Clarithomycin 30µg,,1,dispensingUnit:each,1,1,TRUE,1,LC0251
LC0252,Clindamycin 2ug,,1,dispensingUnit:each,1,1,TRUE,1,LC0252
LC0253,Cloxacillin 30μg,,1,dispensingUnit:each,1,1,TRUE,1,LC0253
LC0254,"Cotrimoxazole 30µg, Pack/10x5pcs",,1,dispensingUnit:each,1,1,TRUE,1,LC0254
LC0255,"Cover Slips, 22x32mm, N0.1.0.13-0.17mm, Pack/100",,1,dispensingUnit:each,1,1,TRUE,1,LC0255
LC0256,"Crystal Violet, Bottle/100g",,1,dispensingUnit:each,1,1,TRUE,1,LC0256
LC0257,"Desoxycholate Agar Oxoid, Bottle/500g",,1,dispensingUnit:each,1,1,TRUE,1,LC0257
LC0258,Doxycycline 10μg,,1,dispensingUnit:each,1,1,TRUE,1,LC0258
LC0259,Eosin Solution Aqueous 2% GRG,,1,dispensingUnit:each,1,1,TRUE,1,LC0259
LC0260,"Erythromycin 10µg, Pack/10x5pcs",,1,dispensingUnit:each,1,1,TRUE,1,LC0260
LC0261,"Erythromycin 30µg, Pack/10x5pcs",,1,dispensingUnit:each,1,1,TRUE,1,LC0261
LC0262,Flucloxacillin 30μg,,1,dispensingUnit:each,1,1,TRUE,1,LC0262
LC0263,"GC Agar Base, Bottle/500g",,1,dispensingUnit:each,1,1,TRUE,1,LC0263
LC0264,"Gentamicin 10µg, Pack/10x5pcs",,1,dispensingUnit:each,1,1,TRUE,1,LC0264
LC0265,"Haemoglobin Powder Soluble, Oxoid, Bottle/400g",,1,dispensingUnit:each,1,1,TRUE,1,LC0265
LC0266,"Haemophilus Influenzae Antisera Poly O A-G, Bottle/2ml",,1,dispensingUnit:each,1,1,TRUE,1,LC0266
LC0267,"Haemophilus Influenzae Antisera Type B, Bottle/2ml",,1,dispensingUnit:each,1,1,TRUE,1,LC0267
LC0268,"Innoculating Loops Disposable Plastic, 10-200ul, Pkt/1000",,1,dispensingUnit:each,1,1,TRUE,1,LC0268
LC0269,"Innoculation Loops, Disposable, 1µl, Pack/1000pcs",,1,dispensingUnit:each,1,1,TRUE,1,LC0269
LC0270,"Lens Tissue, 150x150mm, Booklet (100)",,1,dispensingUnit:each,1,1,TRUE,1,LC0270
LC0271,Levofloxacin 5ug,,1,dispensingUnit:each,1,1,TRUE,1,LC0271
LC0272,Lumbar Puncture Kit,,1,dispensingUnit:each,1,1,TRUE,1,LC0272
LC0273,"MacConkey Agar No. 3, Thermo Scientific™ Oxoid™ , 500g",,1,dispensingUnit:each,1,1,TRUE,1,LC0273
LC0274,Malachite Green GRG-C.I 4200(25g),,1,dispensingUnit:each,1,1,TRUE,1,LC0274
LC0275,Meropenem 30ug,,1,dispensingUnit:each,1,1,TRUE,1,LC0275
LC0276,Methanol (1L),,1,dispensingUnit:each,1,1,TRUE,1,LC0276
LC0277,Metronidazole 30µg,,1,dispensingUnit:each,1,1,TRUE,1,LC0277
LC0278,"Mueller Hinton Agar, Bottle/500g",,1,dispensingUnit:each,1,1,TRUE,1,LC0278
LC0279,"Neisseria Menigitidis W135 Antiserum, Bottle/2ml",,1,dispensingUnit:each,1,1,TRUE,1,LC0279
LC0280,"Neisseria Meningitidis A Antiserum, Bottle/2ml",,1,dispensingUnit:each,1,1,TRUE,1,LC0280
LC0281,"Neisseria Meningitidis B Antiserum, Bottle/2ml",,1,dispensingUnit:each,1,1,TRUE,1,LC0281
LC0282,"Neisseria Meningitidis C Antiserum, Bottle/2ml",,1,dispensingUnit:each,1,1,TRUE,1,LC0282
LC0283,"Neisseria Meningitidis D Antiserum, Bottle/2ml",,1,dispensingUnit:each,1,1,TRUE,1,LC0283
LC0284,Neutral Red,,1,dispensingUnit:each,1,1,TRUE,1,LC0284
LC0285,"Nitrofurantoin 100µg, Pack/10x5pcs",,1,dispensingUnit:each,1,1,TRUE,1,LC0285
LC0286,"Nitrofurantoin 300µg, Pack/10x5pcs",,1,dispensingUnit:each,1,1,TRUE,1,LC0286
LC0287,Nutrient Agar,,1,dispensingUnit:each,1,1,TRUE,1,LC0287
LC0288,"Optochin, Pack/10x5pcs",,1,dispensingUnit:each,1,1,TRUE,1,LC0288
LC0289,Pasteurex Latex Agglutination kit,,1,dispensingUnit:each,1,1,TRUE,1,LC0289
LC0290,"Petri Dish Single Vent Plastic Sterile, 90x15mm, 500pcs (500)",,1,dispensingUnit:each,1,1,TRUE,1,LC0290
LC0291,"Petri-Dishes, 90mm Double Compartment, Box/500pcs",,1,dispensingUnit:each,1,1,TRUE,1,LC0291
LC0292,Piperacillin/tazobactam 100/10ug,,1,dispensingUnit:each,1,1,TRUE,1,LC0292
LC0293,Rotavirus Rapid test kit,,1,dispensingUnit:each,1,1,TRUE,1,LC0293
LC0294,"Sabouraud Dextrose Agar, Bottle/500g",,1,dispensingUnit:each,1,1,TRUE,1,LC0294
LC0295,"Salmonella A Serum, MonoV Somatic, Poly O, A-G, Bottle/2ml",,1,dispensingUnit:each,1,1,TRUE,1,LC0295
LC0296,"Salmonella a Serum, Monovalent Group B, Factor 4, Bottle/2ml",,1,dispensingUnit:each,1,1,TRUE,1,LC0296
LC0297,"Salmonella a Serum, Monovalent Group B, Factor 9, Bottle/2ml",,1,dispensingUnit:each,1,1,TRUE,1,LC0297
LC0298,"Salmonella a Serum, Monovalent Group B, factor d, Bottle/2ml",,1,dispensingUnit:each,1,1,TRUE,1,LC0298
LC0299,"Salmonella a Serum, Monovalent Group B, factor I, Bottle/2ml",,1,dispensingUnit:each,1,1,TRUE,1,LC0299
LC0300,"Salmonella a Serum, Monovalent Group B, factor Vi, Bottle/2ml",,1,dispensingUnit:each,1,1,TRUE,1,LC0300
LC0301,"Salmonella Antisera Polyvalent Flagella, H Phase 1 & 2, Bottle/2ml",,1,dispensingUnit:each,1,1,TRUE,1,LC0301
LC0302,"Salmonella Selective Supplement Oxoid, Pack/10vials",,1,dispensingUnit:each,1,1,TRUE,1,LC0302
LC0303,"Shigella Group Antisera (flexneri, boydii, dysentariae, sonnei)",,1,dispensingUnit:each,1,1,TRUE,1,LC0303
LC0304,Slidex Staph Kit,,1,dispensingUnit:each,1,1,TRUE,1,LC0304
LC0305,Slidex Strepto plus,,1,dispensingUnit:each,1,1,TRUE,1,LC0305
LC0306,"Swabs, Culture Plain With Viscose Tip & Polystyrene Shaft Single in a Tube, Pack/500pcs",,1,dispensingUnit:each,1,1,TRUE,1,LC0306
LC0307,"T.C.B.S. Agar, Bottle/500g",,1,dispensingUnit:each,1,1,TRUE,1,LC0307
LC0308,"Tetracycline 10µg, Pack/10x5pcs",,1,dispensingUnit:each,1,1,TRUE,1,LC0308
LC0309,"Tetracycline 30µg, Pack/10x5pcs",,1,dispensingUnit:each,1,1,TRUE,1,LC0309
LC0310,Tinidazole 30µg,,1,dispensingUnit:each,1,1,TRUE,1,LC0310
LC0311,Tobramycin 10ug,,1,dispensingUnit:each,1,1,TRUE,1,LC0311
LC0312,"Triple Sugar Iron Agar (TSI), Bottle/500g",,1,dispensingUnit:each,1,1,TRUE,1,LC0312
LC0313,Urine Container (Sterile),,1,dispensingUnit:each,1,1,TRUE,1,LC0313
LC0314,"Urine Test Strips ( 10 Parameter), Bottle/100pcs (100Tests)",,1,dispensingUnit:each,1,1,TRUE,1,LC0314
LC0315,"V.C.N.T. Selective Supplement 10vials for 1L Medium, Pack/10vials",,1,dispensingUnit:each,1,1,TRUE,1,LC0315
LC0316,Vancomycin 256-0.015ug/ml,,1,dispensingUnit:each,1,1,TRUE,1,LC0316
LC0317,"Vitox Supplement Rehydrates to 500ml Medium Oxoid, Pack/2x5vials",,1,dispensingUnit:each,1,1,TRUE,1,LC0317
LC0318,X-Factor,,1,dispensingUnit:each,1,1,TRUE,1,LC0318
LC0319,XV-Factor,,1,dispensingUnit:each,1,1,TRUE,1,LC0319
LC0320,Xylene - Low in Sulphur GRG,,1,dispensingUnit:each,1,1,TRUE,1,LC0320
LC0321,Calcium Liquicolor - HUMAN 200ml,,1,dispensingUnit:each,1,1,TRUE,1,LC0321
LC0322,Actin FS(10x2ml),,1,dispensingUnit:each,1,1,TRUE,1,LC0322
LC0323,Addictive for washing water (4x25ml),,1,dispensingUnit:each,1,1,TRUE,1,LC0323
LC0324,Albumin (5x150 Tests),,1,dispensingUnit:each,1,1,TRUE,1,LC0324
LC0325,Alkaline Phospotase ( 2x150nTests),,1,dispensingUnit:each,1,1,TRUE,1,LC0325
LC0326,Auto Bilirubin-D (2x100 Tests),,1,dispensingUnit:each,1,1,TRUE,1,LC0326
LC0327,Auto Bilirubin-T (2x100 Tests),,1,dispensingUnit:each,1,1,TRUE,1,LC0327
LC0328,Autocal (4x5ml),,1,dispensingUnit:each,1,1,TRUE,1,LC0328
LC0329,Calcium Chloride Solution(19x15ml),,1,dispensingUnit:each,1,1,TRUE,1,LC0329
LC0330,Calibration and Controls(Period of 3 Months),,1,dispensingUnit:each,1,1,TRUE,1,LC0330
LC0331,Cholesterol (2x100 Tests),,1,dispensingUnit:each,1,1,TRUE,1,LC0331
LC0332,Cholesterol Total Liquicolor,,1,dispensingUnit:each,1,1,TRUE,1,LC0332
LC0333,Coagulation Analyzer Re-agents,,1,dispensingUnit:each,1,1,TRUE,1,LC0333
LC0334,Creatinine (1x95 Tests),,1,dispensingUnit:each,1,1,TRUE,1,LC0334
LC0335,Cuvette Clean(C-Clean 6x55ml),,1,dispensingUnit:each,1,1,TRUE,1,LC0335
LC0336,Dade Ci-Trol 1 (10x1.0ml),,1,dispensingUnit:each,1,1,TRUE,1,LC0336
LC0337,Dade Ci-Trol 2 (10x1.0ml),,1,dispensingUnit:each,1,1,TRUE,1,LC0337
LC0338,Dade Innovin (10x4ml),,1,dispensingUnit:each,1,1,TRUE,1,LC0338
LC0339,Diamond Marker,,1,dispensingUnit:each,1,1,TRUE,1,LC0339
LC0340,Diluent(Hs 600 4x20ml),,1,dispensingUnit:each,1,1,TRUE,1,LC0340
LC0341,Diluent-2(Hs 600 4x20ml),,1,dispensingUnit:each,1,1,TRUE,1,LC0341
LC0342,Double Distillation Machine,,1,dispensingUnit:each,1,1,TRUE,1,LC0342
LC0343,Estractivt,,1,dispensingUnit:each,1,1,TRUE,1,LC0343
LC0344,Follicle Stimulating Hormone(1x25 Tests),,1,dispensingUnit:each,1,1,TRUE,1,LC0344
LC0345,Gamma-GT(2x100 Tests),,1,dispensingUnit:each,1,1,TRUE,1,LC0345
LC0346,Glucose (6x219 Tests),,1,dispensingUnit:each,1,1,TRUE,1,LC0346
LC0347,Glucose Liquicolor,,1,dispensingUnit:each,1,1,TRUE,1,LC0347
LC0348,GOT(ASAT)(2X200 Tests),,1,dispensingUnit:each,1,1,TRUE,1,LC0348
LC0349,GPT(ALAT)(2x200 Tests),,1,dispensingUnit:each,1,1,TRUE,1,LC0349
LC0350,HbA/C (1x135 Tests),,1,dispensingUnit:each,1,1,TRUE,1,LC0350
LC0351,HbA/C Calibrator set (4x0.5ml),,1,dispensingUnit:each,1,1,TRUE,1,LC0351
LC0352,HbA/C Control blood (2x2x0.5ml),,1,dispensingUnit:each,1,1,TRUE,1,LC0352
LC0353,HDL-Cholesterol (2x100 Tests),,1,dispensingUnit:each,1,1,TRUE,1,LC0353
LC0354,Koalin Suspension (1x50ml),,1,dispensingUnit:each,1,1,TRUE,1,LC0354
LC0355,LH- Luteirizung Hormone(1x25 Tests),,1,dispensingUnit:each,1,1,TRUE,1,LC0355
LC0356,Multifibrent(10x2ml),,1,dispensingUnit:each,1,1,TRUE,1,LC0356
LC0357,Pasteur Pipette(volumetric),,1,dispensingUnit:each,1,1,TRUE,1,LC0357
LC0358,Pipette Stand,,1,dispensingUnit:each,1,1,TRUE,1,LC0358
LC0359,Plain Tubes(Red Top),,1,dispensingUnit:each,1,1,TRUE,1,LC0359
LC0360,POC-Device Hormonal Analyzer(Geitein 1100),,1,dispensingUnit:each,1,1,TRUE,1,LC0360
LC0361,Primary Test Tubes,,1,dispensingUnit:each,1,1,TRUE,1,LC0361
LC0362,Progesterone(1x25 Tests),,1,dispensingUnit:each,1,1,TRUE,1,LC0362
LC0363,Prolactin(1x25 Tests),,1,dispensingUnit:each,1,1,TRUE,1,LC0363
LC0364,Protein (2x150 Tests),,1,dispensingUnit:each,1,1,TRUE,1,LC0364
LC0365,Refrigerator(2-8°C),,1,dispensingUnit:each,1,1,TRUE,1,LC0365
LC0366,Sampling Racks,,1,dispensingUnit:each,1,1,TRUE,1,LC0366
LC0367,Secondary Test Tubes,,1,dispensingUnit:each,1,1,TRUE,1,LC0367
LC0368,Serdus Plus(6x5ml),,1,dispensingUnit:each,1,1,TRUE,1,LC0368
LC0369,Serodus(6x5ml),,1,dispensingUnit:each,1,1,TRUE,1,LC0369
LC0370,T3-Triiodothyromine(1x25 tests),,1,dispensingUnit:each,1,1,TRUE,1,LC0370
LC0371,T4-Thyroxine(1x25 Tests),,1,dispensingUnit:each,1,1,TRUE,1,LC0371
LC0372,T5H- Thyrod Stimulating Hormone(1x25 Tests),,1,dispensingUnit:each,1,1,TRUE,1,LC0372
LC0373,Testosterone(1x25 Tests),,1,dispensingUnit:each,1,1,TRUE,1,LC0373
LC0374,Tip Cleaning Kit for Hs 600 (2x4x20ml),,1,dispensingUnit:each,1,1,TRUE,1,LC0374
LC0375,Triglyceriodes(3x60),,1,dispensingUnit:each,1,1,TRUE,1,LC0375
LC0376,Turbidos(4x3ml),,1,dispensingUnit:each,1,1,TRUE,1,LC0376
LC0377,Urea (2x150 Tests),,1,dispensingUnit:each,1,1,TRUE,1,LC0377
LC0378,Uric Acid (2x100 Tests),,1,dispensingUnit:each,1,1,TRUE,1,LC0378
LC0379,Hepatitis B Rapid Test Kit (100Tests),,1,dispensingUnit:each,1,1,TRUE,1,LC0379
LC0380,HCG,,1,dispensingUnit:each,1,1,TRUE,1,LC0380
LC0381,Knife for Gross Examination 8inch (200mm) Macro Knife,,1,dispensingUnit:each,1,1,TRUE,1,LC0381
LC0382,Methylene Blue GRG - C.I. 52015,,1,dispensingUnit:each,1,1,TRUE,1,LC0382
LC0383,Micro Adhesive Sealers (100pcs),,1,dispensingUnit:each,1,1,TRUE,1,LC0383
LC0384,Micro Pipette Blue Tips 1000ul (500),,1,dispensingUnit:each,1,1,TRUE,1,LC0384
LC0385,Micro Pipette Multichannel 0.5 - 300ul,,1,dispensingUnit:each,1,1,TRUE,1,LC0385
LC0386,"Pasteur Pipettes, Plastic, Sterile, 3ml, Individually Wrapped, Pack/500pcs",,1,dispensingUnit:each,1,1,TRUE,1,LC0386
LC0387,Phosphate Buffer Saline Tablets (PBS) 1x100 TABS,,1,dispensingUnit:each,1,1,TRUE,1,LC0387
LC0388,Pipette Tips Blue 1000ul (1000),,1,dispensingUnit:each,1,1,TRUE,1,LC0388
LC0389,Pipette Tips Yellow 2-200ul (1000),,1,dispensingUnit:each,1,1,TRUE,1,LC0389
LC0390,SD Bioline Hepatitis C Test Kit (25Tests),,1,dispensingUnit:each,1,1,TRUE,1,LC0390
LC0391,Syphillis AB Combo VDRL Rapid Test Kit (100),,1,dispensingUnit:each,1,1,TRUE,1,LC0391
LC0392,"Test Tubes, Plain, With Rim, Soda Glass, 100x11.5mm, Box/30x100 (100pcs)",,1,dispensingUnit:each,1,1,TRUE,1,LC0392
LC0393,Thermometer Fridge/Freezer With Probe,,1,dispensingUnit:each,1,1,TRUE,1,LC0393
LC0394,Blood Bank Fridges (Big),,1,dispensingUnit:each,1,1,TRUE,1,LC0394
LC0395,Blood Bank Fridges (Small),,1,dispensingUnit:each,1,1,TRUE,1,LC0395
LC0396,Colorimeter (HB Meter),,1,dispensingUnit:each,1,1,TRUE,1,LC0396
LC0397,Hemocue Glucose HB201 Analyzer,,1,dispensingUnit:each,1,1,TRUE,1,LC0397
LC0398,Hemocue Glucose HB301 Analyzer,,1,dispensingUnit:each,1,1,TRUE,1,LC0398
LC0399,Light Microscope (Bright field),,1,dispensingUnit:each,1,1,TRUE,1,LC0399
LC0400,Microhaematocrit Centrifuge (Hematospin 1400 / PCV Machine),,1,dispensingUnit:each,1,1,TRUE,1,LC0400
LC0401,"Micropipette, 10-100µl, Adjustable",,1,dispensingUnit:each,1,1,TRUE,1,LC0401
LC0402,Phenol Crystal (500g),,1,dispensingUnit:each,1,1,TRUE,1,LC0402
LC0403,Pipetman P100 Gilson Adjustable,,1,dispensingUnit:each,1,1,TRUE,1,LC0403
LC0404,Pipetman P50 Gilson Adjustable,,1,dispensingUnit:each,1,1,TRUE,1,LC0404
LC0405,Pipette Adjustable 0.5 - 10ul (pcs),,1,dispensingUnit:each,1,1,TRUE,1,LC0405
LC0406,Pipette Adjustable 100 - 1000ul (pcs),,1,dispensingUnit:each,1,1,TRUE,1,LC0406
LC0407,Pipette Adjustable 20 - 200ul (pcs),,1,dispensingUnit:each,1,1,TRUE,1,LC0407
LC0408,"Pipette Aid, Electric",,1,dispensingUnit:each,1,1,TRUE,1,LC0408
LC0409,"Pipette Measuring PS Sterile 10ml Grad 0.1ml, (100)",,1,dispensingUnit:each,1,1,TRUE,1,LC0409
LC0410,"Pipette Measuring PS Sterile 25ml Grad. 0.25, (200)",,1,dispensingUnit:each,1,1,TRUE,1,LC0410
LC0411,"Pipette Measuring PS Sterile 50ml grad. 1ml, (100)",,1,dispensingUnit:each,1,1,TRUE,1,LC0411
LC0412,"Pipette Pasteur 3ml Plastic, Non-Sterile Lasec SA, Pakc/500pcs, (500)",,1,dispensingUnit:each,1,1,TRUE,1,LC0412
LC0413,Pipette Tips Blue 1000ul (1000),,1,dispensingUnit:each,1,1,TRUE,1,LC0413
LC0414,Formaldehyde Solution - 37% min GRG (100% Formalin),,1,dispensingUnit:each,1,1,TRUE,1,LC0414
LC0415,DAPI,,1,dispensingUnit:each,1,1,TRUE,1,LC0415
LC0416,DPX Mountant,,1,dispensingUnit:each,1,1,TRUE,1,LC0416
LC0417,ErbBl,,1,dispensingUnit:each,1,1,TRUE,1,LC0417
LC0418,"Glycerol (C3H8O3), Bottle/500ml",,1,dispensingUnit:each,1,1,TRUE,1,LC0418
LC0419,Haematoxylin 5% Alcohol Solution,,1,dispensingUnit:each,1,1,TRUE,1,LC0419
LC0420,Harry's Haematoxylin Solution,,1,dispensingUnit:each,1,1,TRUE,1,LC0420
LC0421,HER 1/2,,1,dispensingUnit:each,1,1,TRUE,1,LC0421
LC0422,Kl-67,,1,dispensingUnit:each,1,1,TRUE,1,LC0422
LC0423,Mercury (II) Oxide Red - 99% Min GRG,,1,dispensingUnit:each,1,1,TRUE,1,LC0423
LC0424,Microtome Blades N35,,1,dispensingUnit:each,1,1,TRUE,1,LC0424
LC0425,Papanicalaous Stain EA 50,,1,dispensingUnit:each,1,1,TRUE,1,LC0425
LC0426,Papanicolaou Stain OG6,,1,dispensingUnit:each,1,1,TRUE,1,LC0426
LC0427,Paraffin Wax 54-56 C GRG,,1,dispensingUnit:each,1,1,TRUE,1,LC0427
LC0428,Tissue cassette,,1,dispensingUnit:each,1,1,TRUE,1,LC0428
LC0429,Triton X-100,,1,dispensingUnit:each,1,1,TRUE,1,LC0429
LC0430,Ethanol 1 liters bottle,,1,dispensingUnit:each,1,1,TRUE,1,LC0430
LC0431,Processing cassettes,,1,dispensingUnit:each,1,1,TRUE,1,LC0431
LC0432,Glycerin,,1,dispensingUnit:each,1,1,TRUE,1,LC0432
LC0433,Timer,,1,dispensingUnit:each,1,1,TRUE,1,LC0433
LC0434,Electronic weighing scale,,1,dispensingUnit:each,1,1,TRUE,1,LC0434
LC0435,Giemsa,,1,dispensingUnit:each,1,1,TRUE,1,LC0435
LC0436,Pasteur Pipettes,,1,dispensingUnit:each,1,1,TRUE,1,LC0436
LC0437,Needle and Syringe 5ml,,1,dispensingUnit:each,1,1,TRUE,1,LC0437
LC0438,Xylene,,1,dispensingUnit:each,1,1,TRUE,1,LC0438
LC0439,Eosin Y Solution,,1,dispensingUnit:each,1,1,TRUE,1,LC0439
LC0440,Nitric Acid,,1,dispensingUnit:each,1,1,TRUE,1,LC0440
LC0441,surgical Blades,,1,dispensingUnit:each,1,1,TRUE,1,LC0441
LC0442,Formaldehyde,,1,dispensingUnit:each,1,1,TRUE,1,LC0442
LC0443,Microscope slides,,1,dispensingUnit:each,1,1,TRUE,1,LC0443
LC0444,Cover Glass (24 X 60mm),,1,dispensingUnit:each,1,1,TRUE,1,LC0444
LC0445,Sodium Phosphate Monobasic,,1,dispensingUnit:each,1,1,TRUE,1,LC0445
LC0446,Sodium Phosphate Dibasic,,1,dispensingUnit:each,1,1,TRUE,1,LC0446
LC0447,UPS,,1,dispensingUnit:each,1,1,TRUE,1,LC0447
LC0448,Glass Staining Jars 50 ml,,1,dispensingUnit:each,1,1,TRUE,1,LC0448
LC0449,Staining Racks,,1,dispensingUnit:each,1,1,TRUE,1,LC0449
LC0450,Methanol,,1,dispensingUnit:each,1,1,TRUE,1,LC0450
LC0451,Plain Tubes,,1,dispensingUnit:each,1,1,TRUE,1,LC0451
HIV0001,"Lamivudine/Zidovudine 150/300mg, 60 tablets",,1,dispensingUnit:each,1,1,TRUE,1,HIV0001
HIV0002,"Dolutegravir 50mg, 30 tablets",,1,dispensingUnit:each,1,1,TRUE,1,HIV0002
HIV0003,"Dolutegravir 10mg, 30 tablets",,1,dispensingUnit:each,1,1,TRUE,1,HIV0003
HIV0004,"Dolutegravir/Lamivudine/Tenofovir 50/300/300mg, 30 tablets",,1,dispensingUnit:each,1,1,TRUE,1,HIV0004
HIV0005,"Abacavir/Lamivudine 120/60mg scored, 30 dispersible tablets",,1,dispensingUnit:each,1,1,TRUE,1,HIV0005
HIV0006,"Lamivudine/Zidovudine 30/60mg, 60 dispersible tablets",,1,dispensingUnit:each,1,1,TRUE,1,HIV0006
HIV0007,"Lopinavir/Ritonavir 100/25mg, 60 tablets",,1,dispensingUnit:each,1,1,TRUE,1,HIV0007
HIV0008,Zidovudine 50mg/5ml Oral solution 240ml,,1,dispensingUnit:each,1,1,TRUE,1,HIV0008
HIV0009,Nevirapine 10mg/ml oral suspension 100ml,,1,dispensingUnit:each,1,1,TRUE,1,HIV0009
HIV0010,"Atazanavir/Ritonavir 300/100mg, 30 tablets",,1,dispensingUnit:each,1,1,TRUE,1,HIV0010
HIV0011,"Atazanavir/Ritonavir 300/150mg, 30 tablets",,1,dispensingUnit:each,1,1,TRUE,1,HIV0011
TB0001,Isoniazid/Rifampicin 75/150mg 24x28 tablets (672),,1,dispensingUnit:each,1,1,TRUE,1,TB0001
TB0002,Isoniazid/Pyrazinamide/Rifampicin 50/150/75mg dispersible tablets 3x28 (84),,1,dispensingUnit:each,1,1,TRUE,1,TB0002
TB0003,Ethambutol/Isoniazid/Pyrazinamide/Rifampicin 275/75/400/150mg tablets 24x28 (672),,1,dispensingUnit:each,1,1,TRUE,1,TB0003
TB0004,Isoniazid/Rifampicin 50/75mg dispersible tablets 3x28 (84),,1,dispensingUnit:each,1,1,TRUE,1,TB0004
TB0005,Ethambutol 100mg 10 tablet dispersible 10 blister (100),,1,dispensingUnit:each,1,1,TRUE,1,TB0005
TB0006,Ethambutol 400mg tablets 24x28 (672),,1,dispensingUnit:each,1,1,TRUE,1,TB0006
TB0007,Clofazimine 100mg tablet (100),,1,dispensingUnit:each,1,1,TRUE,1,TB0007
TB0008,Bedaquiline 100mg tablet (188),,1,dispensingUnit:each,1,1,TRUE,1,TB0008
TB0009,Pyrazinamide 500mg tablets 24x28 (672),,1,dispensingUnit:each,1,1,TRUE,1,TB0009
TB0010,Ethionamide 250mg 10 tablet 10 blister (100),,1,dispensingUnit:each,1,1,TRUE,1,TB0010
TB0011,Isoniazid 300mg 28 tablet 24 blister (672),,1,dispensingUnit:each,1,1,TRUE,1,TB0011
TB0012,Moxifloxacin 400mg 10 tablet 10 blister (100),,1,dispensingUnit:each,1,1,TRUE,1,TB0012
TB0013,Isoniazid 100mg 10 tablet 10 blister (100),,1,dispensingUnit:each,1,1,TRUE,1,TB0013
TB0014,Vitamin B-6 (pyridoxine as hydrochloride) 50 mg tablet (50),,1,dispensingUnit:each,1,1,TRUE,1,TB0014
TB0015,Vitamin B-6 (pyridoxine as hydrochloride) 25mg tablet (100),,1,dispensingUnit:each,1,1,TRUE,1,TB0015
MAL0001,"Artemether/Lumefantrine 20/120mg 6 dispersible tablets, 30 blister",,1,dispensingUnit:each,1,1,TRUE,1,MAL0001
MAL0002,"Artemether/Lumefantrine 20/120mg 12 dispersible tablets, 30 blister",,1,dispensingUnit:each,1,1,TRUE,1,MAL0002
MAL0003,"Artemether/Lumefantrine 20/120mg 18 tablet non-dispersible tablets, 30 blister",,1,dispensingUnit:each,1,1,TRUE,1,MAL0003
MAL0004,"Artemether/Lumefantrine 20/120mg 24 tablet non-dispersible tablets, 30 blister",,1,dispensingUnit:each,1,1,TRUE,1,MAL0004
MAL0005,Artesunate 60mg powder for solution for injection - 1 vial,,1,dispensingUnit:each,1,1,TRUE,1,MAL0005
MAL0006,Primaquine 7.5mg (as base) (equivalent to 13.2mg Primaquine Phosphate) 10 tablet blister (100),,1,dispensingUnit:each,1,1,TRUE,1,MAL0006
MAL0007,Quinine 300mg tablets (1000),,1,dispensingUnit:each,1,1,TRUE,1,MAL0007
MAL0008,Clindamycin 150mg capsules (100),,1,dispensingUnit:each,1,1,TRUE,1,MAL0008
MAL0009,Piperaquine/Dihydroartemisinin 160/20mg dispersible/non-dispersible 3 tablet blister,,1,dispensingUnit:each,1,1,TRUE,1,MAL0009
MAL0010,Piperaquine/Dihydroartemisinin 320/40mg 9 tablet blister,,1,dispensingUnit:each,1,1,TRUE,1,MAL0010
MAL0011,Sulfadoxine/Pyrimethamine 500/25mg 3 tablet blister (10),,1,dispensingUnit:each,1,1,TRUE,1,MAL0011
MAL0012,Amodiaquine+Sulfadoxine/Pyrimethamine 76.5mg+250/12.5mg 3+1 tablet dispersible co-blistered 50 blister,,1,dispensingUnit:each,1,1,TRUE,1,MAL0012
MAL0013,Amodiaquine+Sulfadoxine/Pyrimethamine 153mg+500/25mg 3+1 tablet dispersible co-blistered 50 blister,,1,dispensingUnit:each,1,1,TRUE,1,MAL0013
MAL0014,Ferrous sulphate & Folic Acid tablet,,1,dispensingUnit:each,1,1,TRUE,1,MAL0014
MAL0015,Paracetamol Syrup,,1,dispensingUnit:each,1,1,TRUE,1,MAL0015
MAL0016,Dextrose 5% Infusion,,1,dispensingUnit:each,1,1,TRUE,1,MAL0016
MAL0017,Dextrose 50%,,1,dispensingUnit:each,1,1,TRUE,1,MAL0017
MAL0018,Sodium chloride 0.9% Infusion,,1,dispensingUnit:each,1,1,TRUE,1,MAL0018