key,productCode
tradeItem,EM0001
tradeItem,EM0002
tradeItem,EM0003
tradeItem,EM0004
tradeItem,EM0005
tradeItem,EM0006
tradeItem,EM0007
tradeItem,EM0008
tradeItem,EM0009
tradeItem,EM0010
tradeItem,EM0011
tradeItem,EM0012
tradeItem,EM0013
tradeItem,EM0014
tradeItem,EM0015
tradeItem,EM0016
tradeItem,EM0017
tradeItem,EM0018
tradeItem,EM0019
tradeItem,EM0020
tradeItem,EM0021
tradeItem,EM0022
tradeItem,EM0023
tradeItem,EM0024
tradeItem,EM0025
tradeItem,EM0026
tradeItem,EM0027
tradeItem,EM0028
tradeItem,EM0029
tradeItem,EM0030
tradeItem,EM0031
tradeItem,EM0032
tradeItem,EM0033
tradeItem,EM0034
tradeItem,EM0035
tradeItem,EM0036
tradeItem,EM0037
tradeItem,EM0039
tradeItem,EM0040
tradeItem,EM0041
tradeItem,EM0042
tradeItem,EM0043
tradeItem,EM0044
tradeItem,EM0045
tradeItem,EM0046
tradeItem,EM0047
tradeItem,EM0048
tradeItem,EM0049
tradeItem,EM0050
tradeItem,EM0051
tradeItem,EM0052
tradeItem,EM0053
tradeItem,EM0054
tradeItem,EM0055
tradeItem,EM0056
tradeItem,EM0057
tradeItem,EM0058
tradeItem,EM0059
tradeItem,EM0060
tradeItem,EM0061
tradeItem,EM0062
tradeItem,EM0063
tradeItem,EM0064
tradeItem,EM0065
tradeItem,EM0066
tradeItem,EM0067
tradeItem,EM0068
tradeItem,EM0069
tradeItem,EM0070
tradeItem,EM0071
tradeItem,EM0072
tradeItem,EM0073
tradeItem,EM0074
tradeItem,EM0075
tradeItem,EM0076
tradeItem,EM0077
tradeItem,EM0078
tradeItem,EM0079
tradeItem,EM0080
tradeItem,EM0081
tradeItem,EM0082
tradeItem,EM0083
tradeItem,EM0084
tradeItem,EM0085
tradeItem,EM0089
tradeItem,EM0090
tradeItem,EM0091
tradeItem,EM0092
tradeItem,EM0093
tradeItem,EM0094
tradeItem,EM0096
tradeItem,EM0112
tradeItem,EM0113
tradeItem,EM0114
tradeItem,EM0115
tradeItem,EM0116
tradeItem,EM0117
tradeItem,EM0118
tradeItem,EM0119
tradeItem,EM0120
tradeItem,EM0121
tradeItem,EM0122
tradeItem,EM0123
tradeItem,EM0124
tradeItem,EM0125
tradeItem,EM0126
tradeItem,EM0134
tradeItem,EM0135
tradeItem,EM0136
tradeItem,EM0137
tradeItem,EM0138
tradeItem,EM0139
tradeItem,EM0140
tradeItem,EM0141
tradeItem,EM0142
tradeItem,EM0143
tradeItem,EM0144
tradeItem,EM0145
tradeItem,EM0146
tradeItem,EM0147
tradeItem,EM0148
tradeItem,EM0149
tradeItem,EM0150
tradeItem,EM0151
tradeItem,EM0152
tradeItem,EM0153
tradeItem,EM0154
tradeItem,EM0155
tradeItem,EM0156
tradeItem,EM0157
tradeItem,EM0158
tradeItem,EM0159
tradeItem,EM0161
tradeItem,EM0162
tradeItem,EM0163
tradeItem,EM0164
tradeItem,EM0165
tradeItem,EM0166
tradeItem,EM0167
tradeItem,EM0168
tradeItem,EM0169
tradeItem,EM0170
tradeItem,EM0171
tradeItem,EM0172
tradeItem,EM0173
tradeItem,EM0174
tradeItem,EM0178
tradeItem,EM0179
tradeItem,EM0180
tradeItem,EM0181
tradeItem,EM0184
tradeItem,EM0185
tradeItem,EM0186
tradeItem,EM0187
tradeItem,EM0188
tradeItem,EM0190
tradeItem,EM0191
tradeItem,EM0193
tradeItem,EM0194
tradeItem,EM0195
tradeItem,EM0198
tradeItem,EM0199
tradeItem,EM0200
tradeItem,EM0201
tradeItem,EM0202
tradeItem,EM0203
tradeItem,EM0204
tradeItem,EM0205
tradeItem,EM0206
tradeItem,EM0207
tradeItem,EM0208
tradeItem,EM0209
tradeItem,EM0210
tradeItem,EM0211
tradeItem,EM0213
tradeItem,EM0214
tradeItem,EM0215
tradeItem,EM0216
tradeItem,EM0217
tradeItem,EM0218
tradeItem,EM0219
tradeItem,EM0220
tradeItem,EM0221
tradeItem,EM0222
tradeItem,EM0223
tradeItem,EM0225
tradeItem,EM0226
tradeItem,EM0227
tradeItem,EM0229
tradeItem,EM0230
tradeItem,EM0231
tradeItem,EM0232
tradeItem,EM0233
tradeItem,EM0234
tradeItem,EM0235
tradeItem,EM0239
tradeItem,EM0240
tradeItem,EM0242
tradeItem,EM0243
tradeItem,EM0244
tradeItem,EM0245
tradeItem,EM0246
tradeItem,EM0247
tradeItem,EM0248
tradeItem,EM0250
tradeItem,EM0251
tradeItem,EM0252
tradeItem,EM0253
tradeItem,EM0254
tradeItem,EM0255
tradeItem,EM0256
tradeItem,EM0257
tradeItem,EM0258
tradeItem,EM0259
tradeItem,EM0260
tradeItem,EM0261
tradeItem,EM0262
tradeItem,EM0263
tradeItem,EM0264
tradeItem,EM0265
tradeItem,EM0266
tradeItem,EM0267
tradeItem,EM0268
tradeItem,EM0269
tradeItem,EM0270
tradeItem,EM0271
tradeItem,EM0272
tradeItem,EM0273
tradeItem,EM0274
tradeItem,EM0275
tradeItem,EM0276
tradeItem,EM0277
tradeItem,EM0278
tradeItem,EM0279
tradeItem,EM0280
tradeItem,EM0281
tradeItem,EM0282
tradeItem,EM0283
tradeItem,EM0284
tradeItem,EM0285
tradeItem,EM0287
tradeItem,EM0288
tradeItem,EM0289
tradeItem,EM0290
tradeItem,EM0291
tradeItem,EM0292
tradeItem,EM0293
tradeItem,EM0294
tradeItem,EM0295
tradeItem,EM0298
tradeItem,EM0299
tradeItem,EM0300
tradeItem,EM0301
tradeItem,EM0302
tradeItem,EM0303
tradeItem,EM0304
tradeItem,EM0306
tradeItem,EM0307
tradeItem,EM0308
tradeItem,EM0309
tradeItem,EM0310
tradeItem,EM0311
tradeItem,EM0312
tradeItem,EM0313
tradeItem,EM0314
tradeItem,EM0315
tradeItem,EM0317
tradeItem,EM0318
tradeItem,EM0319
tradeItem,EM0320
tradeItem,EM0321
tradeItem,EM0322
tradeItem,EM0323
tradeItem,EM0324
tradeItem,EM0325
tradeItem,EM0326
tradeItem,EM0327
tradeItem,EM0328
tradeItem,EM0329
tradeItem,EM0330
tradeItem,EM0331
tradeItem,EM0332
tradeItem,EM0334
tradeItem,EM0335
tradeItem,EM0336
tradeItem,EM0339
tradeItem,EM0356
tradeItem,EM0357
tradeItem,EM0358
tradeItem,EM0359
tradeItem,EM0360
tradeItem,EM0361
tradeItem,EM0363
tradeItem,EM0364
tradeItem,EM0365
tradeItem,EM0366
tradeItem,EM0367
tradeItem,EM0368
tradeItem,EM0369
tradeItem,EM0370
tradeItem,EM0371
tradeItem,EM0372
tradeItem,EM0373
tradeItem,EM0374
tradeItem,EM0375
tradeItem,EM0376
tradeItem,EM0378
tradeItem,EM0379
tradeItem,EM0380
tradeItem,EM0381
tradeItem,EM0382
tradeItem,EM0383
tradeItem,EM0384
tradeItem,EM0385
tradeItem,EM0386
tradeItem,EM0387
tradeItem,EM0388
tradeItem,EM0389
tradeItem,EM0390
tradeItem,EM0391
tradeItem,EM0392
tradeItem,EM0393
tradeItem,EM0394
tradeItem,EM0395
tradeItem,EM0396
tradeItem,EM0397
tradeItem,EM0398
tradeItem,EM0399
tradeItem,EM0400
tradeItem,EM0401
tradeItem,EM0402
tradeItem,EM0403
tradeItem,EM0404
tradeItem,EM0405
tradeItem,EM0406
tradeItem,EM0407
tradeItem,EM0408
tradeItem,EM0409
tradeItem,EM0410
tradeItem,EM0411
tradeItem,EM0412
tradeItem,EM0413
tradeItem,EM0414
tradeItem,EM0415
tradeItem,EM0416
tradeItem,EM0417
tradeItem,EM0418
tradeItem,EM0419
tradeItem,EM0420
tradeItem,EM0421
tradeItem,EM0422
tradeItem,EM0423
tradeItem,EM0424
tradeItem,EM0425
tradeItem,EM0426
tradeItem,EM0427
tradeItem,EM0428
tradeItem,EM0429
tradeItem,EM0430
tradeItem,EM0431
tradeItem,EM0432
tradeItem,EM0433
tradeItem,EM0434
tradeItem,EM0435
tradeItem,EM0436
tradeItem,EM0437
tradeItem,EM0438
tradeItem,EM0439
tradeItem,EM0440
tradeItem,EM0441
tradeItem,EM0442
tradeItem,EM0443
tradeItem,EM0444
tradeItem,EM0445
tradeItem,EM0446
tradeItem,EM0447
tradeItem,EM0448
tradeItem,EM0449
tradeItem,EM0450
tradeItem,EM0451
tradeItem,EM0452
tradeItem,EM0453
tradeItem,EM0455
tradeItem,EM0456
tradeItem,EM0457
tradeItem,EM0458
tradeItem,EM0460
tradeItem,EM0462
tradeItem,EM0463
tradeItem,EM0464
tradeItem,EM0465
tradeItem,EM0467
tradeItem,EM0468
tradeItem,EM0469
tradeItem,EM0470
tradeItem,EM0471
tradeItem,EM0472
tradeItem,EM0473
tradeItem,EM0475
tradeItem,EM0476
tradeItem,EM0477
tradeItem,EM0478
tradeItem,EM0479
tradeItem,EM0480
tradeItem,EM0481
tradeItem,EM0482
tradeItem,EM0483
tradeItem,EM0484
tradeItem,EM0485
tradeItem,EM0486
tradeItem,EM0487
tradeItem,EM0488
tradeItem,EM0489
tradeItem,EM0490
tradeItem,EM0491
tradeItem,EM0492
tradeItem,EM0493
tradeItem,EM0494
tradeItem,EM0495
tradeItem,EM0496
tradeItem,EM0497
tradeItem,EM0498
tradeItem,EM0499
tradeItem,EM0500
tradeItem,EM0501
tradeItem,EM0502
tradeItem,EM0503
tradeItem,EM0504
tradeItem,EM0505
tradeItem,EM0506
tradeItem,EM0507
tradeItem,EM0508
tradeItem,EM0509
tradeItem,EM0510
tradeItem,EM0511
tradeItem,EM0512
tradeItem,EM0513
tradeItem,EM0514
tradeItem,EM0515
tradeItem,EM0516
tradeItem,EM0517
tradeItem,EM0518
tradeItem,EM0519
tradeItem,EM0520
tradeItem,EM0521
tradeItem,EM0522
tradeItem,EM0523
tradeItem,EM0524
tradeItem,EM0525
tradeItem,EM0526
tradeItem,EM0527
tradeItem,EM0528
tradeItem,EM0529
tradeItem,EM0530
tradeItem,EM0531
tradeItem,EM0532
tradeItem,EM0533
tradeItem,EM0534
tradeItem,EM0535
tradeItem,EM0536
tradeItem,EM0537
tradeItem,EM0538
tradeItem,EM0539
tradeItem,EM0540
tradeItem,EM0541
tradeItem,EM0542
tradeItem,EM0543
tradeItem,EM0544
tradeItem,EM0545
tradeItem,EM0546
tradeItem,EM0547
tradeItem,EM0548
tradeItem,EM0549
tradeItem,EM0550
tradeItem,EM0551
tradeItem,EM0552
tradeItem,EM0553
tradeItem,EM0554
tradeItem,EM0555
tradeItem,EM0556
tradeItem,EM0557
tradeItem,EM0558
tradeItem,EM0559
tradeItem,EM0560
tradeItem,EM0561
tradeItem,EM0562
tradeItem,EM0563
tradeItem,EM0564
tradeItem,EM0565
tradeItem,EM0566
tradeItem,EM0567
tradeItem,EM0568
tradeItem,EM0569
tradeItem,EM0570
tradeItem,EM0571
tradeItem,EM0572
tradeItem,EM0573
tradeItem,EM0574
tradeItem,EM0575
tradeItem,EM0576
tradeItem,EM0577
tradeItem,EM0578
tradeItem,EM0579
tradeItem,EM0580
tradeItem,EM0581
tradeItem,EM0582
tradeItem,EM0583
tradeItem,EM0584
tradeItem,EM0585
tradeItem,EM0586
tradeItem,EM0587
tradeItem,EM0588
tradeItem,EM0589
tradeItem,EM0590
tradeItem,EM0591
tradeItem,EM0592
tradeItem,EM0593
tradeItem,EM0594
tradeItem,EM0595
tradeItem,EM0596
tradeItem,EM0597
tradeItem,EM0598
tradeItem,EM0599
tradeItem,EM0600
tradeItem,EM0601
tradeItem,EM0602
tradeItem,EM0603
tradeItem,EM0604
tradeItem,EM0605
tradeItem,EM0606
tradeItem,EM0607
tradeItem,EM0608
tradeItem,EM0609
tradeItem,EM0610
tradeItem,EM0611
tradeItem,EM0612
tradeItem,EM0613
tradeItem,EM0614
tradeItem,EM0615
tradeItem,EM0616
tradeItem,EM0617
tradeItem,EM0618
tradeItem,EM0619
tradeItem,EM0620
tradeItem,EM0621
tradeItem,EM0622
tradeItem,EM0623
tradeItem,EM0624
tradeItem,EM0625
tradeItem,EM0626
tradeItem,EM0627
tradeItem,EM0628
tradeItem,EM0629
tradeItem,EM0630
tradeItem,EM0631
tradeItem,EM0632
tradeItem,EM0633
tradeItem,EM0634
tradeItem,EM0635
tradeItem,EM0636
tradeItem,EM0637
tradeItem,EM0638
tradeItem,EM0639
tradeItem,EM0640
tradeItem,EM0641
tradeItem,EM0642
tradeItem,EM0643
tradeItem,EM0644
tradeItem,EM0645
tradeItem,EM0646
tradeItem,EM0647
tradeItem,EM0648
tradeItem,EM0649
tradeItem,EM0650
tradeItem,EM0651
tradeItem,HIV0001
tradeItem,HIV0002
tradeItem,HIV0003
tradeItem,HIV0004
tradeItem,HIV0005
tradeItem,HIV0006
tradeItem,HIV0007
tradeItem,HIV0008
tradeItem,HIV0009
tradeItem,HIV0010
tradeItem,HIV0011
tradeItem,LC0001
tradeItem,LC0002
tradeItem,LC0003
tradeItem,LC0004
tradeItem,LC0005
tradeItem,LC0006
tradeItem,LC0007
tradeItem,LC0008
tradeItem,LC0009
tradeItem,LC0010
tradeItem,LC0011
tradeItem,LC0013
tradeItem,LC0015
tradeItem,LC0016
tradeItem,LC0017
tradeItem,LC0019
tradeItem,LC0020
tradeItem,LC0021
tradeItem,LC0022
tradeItem,LC0023
tradeItem,LC0024
tradeItem,LC0025
tradeItem,LC0026
tradeItem,LC0027
tradeItem,LC0028
tradeItem,LC0029
tradeItem,LC0030
tradeItem,LC0031
tradeItem,LC0032
tradeItem,LC0033
tradeItem,LC0034
tradeItem,LC0035
tradeItem,LC0036
tradeItem,LC0037
tradeItem,LC0038
tradeItem,LC0039
tradeItem,LC0040
tradeItem,LC0041
tradeItem,LC0042
tradeItem,LC0043
tradeItem,LC0044
tradeItem,LC0045
tradeItem,LC0046
tradeItem,LC0047
tradeItem,LC0048
tradeItem,LC0049
tradeItem,LC0051
tradeItem,LC0052
tradeItem,LC0053
tradeItem,LC0054
tradeItem,LC0055
tradeItem,LC0056
tradeItem,LC0057
tradeItem,LC0058
tradeItem,LC0060
tradeItem,LC0061
tradeItem,LC0062
tradeItem,LC0063
tradeItem,LC0065
tradeItem,LC0066
tradeItem,LC0067
tradeItem,LC0068
tradeItem,LC0069
tradeItem,LC0070
tradeItem,LC0071
tradeItem,LC0072
tradeItem,LC0073
tradeItem,LC0074
tradeItem,LC0075
tradeItem,LC0076
tradeItem,LC0077
tradeItem,LC0078
tradeItem,LC0081
tradeItem,LC0082
tradeItem,LC0084
tradeItem,LC0085
tradeItem,LC0086
tradeItem,LC0087
tradeItem,LC0088
tradeItem,LC0089
tradeItem,LC0090
tradeItem,LC0091
tradeItem,LC0092
tradeItem,LC0093
tradeItem,LC0095
tradeItem,LC0096
tradeItem,LC0097
tradeItem,LC0098
tradeItem,LC0099
tradeItem,LC0100
tradeItem,LC0101
tradeItem,LC0102
tradeItem,LC0103
tradeItem,LC0104
tradeItem,LC0105
tradeItem,LC0107
tradeItem,LC0108
tradeItem,LC0109
tradeItem,LC0110
tradeItem,LC0111
tradeItem,LC0119
tradeItem,LC0120
tradeItem,LC0123
tradeItem,LC0129
tradeItem,LC0130
tradeItem,LC0131
tradeItem,LC0143
tradeItem,LC0147
tradeItem,LC0149
tradeItem,LC0150
tradeItem,LC0151
tradeItem,LC0152
tradeItem,LC0153
tradeItem,LC0154
tradeItem,LC0157
tradeItem,LC0158
tradeItem,LC0159
tradeItem,LC0160
tradeItem,LC0161
tradeItem,LC0162
tradeItem,LC0163
tradeItem,LC0165
tradeItem,LC0166
tradeItem,LC0167
tradeItem,LC0168
tradeItem,LC0169
tradeItem,LC0171
tradeItem,LC0172
tradeItem,LC0173
tradeItem,LC0174
tradeItem,LC0175
tradeItem,LC0176
tradeItem,LC0177
tradeItem,LC0178
tradeItem,LC0179
tradeItem,LC0181
tradeItem,LC0182
tradeItem,LC0183
tradeItem,LC0184
tradeItem,LC0187
tradeItem,LC0189
tradeItem,LC0190
tradeItem,LC0192
tradeItem,LC0193
tradeItem,LC0194
tradeItem,LC0195
tradeItem,LC0196
tradeItem,LC0198
tradeItem,LC0199
tradeItem,LC0200
tradeItem,LC0201
tradeItem,LC0202
tradeItem,LC0203
tradeItem,LC0204
tradeItem,LC0205
tradeItem,LC0206
tradeItem,LC0207
tradeItem,LC0209
tradeItem,LC0210
tradeItem,LC0211
tradeItem,LC0213
tradeItem,LC0214
tradeItem,LC0215
tradeItem,LC0216
tradeItem,LC0217
tradeItem,LC0219
tradeItem,LC0226
tradeItem,LC0229
tradeItem,LC0230
tradeItem,LC0231
tradeItem,LC0232
tradeItem,LC0233
tradeItem,LC0234
tradeItem,LC0235
tradeItem,LC0236
tradeItem,LC0237
tradeItem,LC0238
tradeItem,LC0239
tradeItem,LC0240
tradeItem,LC0241
tradeItem,LC0242
tradeItem,LC0243
tradeItem,LC0244
tradeItem,LC0245
tradeItem,LC0246
tradeItem,LC0247
tradeItem,LC0248
tradeItem,LC0249
tradeItem,LC0250
tradeItem,LC0251
tradeItem,LC0252
tradeItem,LC0253
tradeItem,LC0254
tradeItem,LC0256
tradeItem,LC0257
tradeItem,LC0258
tradeItem,LC0259
tradeItem,LC0260
tradeItem,LC0261
tradeItem,LC0262
tradeItem,LC0263
tradeItem,LC0264
tradeItem,LC0265
tradeItem,LC0266
tradeItem,LC0267
tradeItem,LC0268
tradeItem,LC0269
tradeItem,LC0270
tradeItem,LC0271
tradeItem,LC0272
tradeItem,LC0273
tradeItem,LC0274
tradeItem,LC0275
tradeItem,LC0276
tradeItem,LC0277
tradeItem,LC0278
tradeItem,LC0279
tradeItem,LC0280
tradeItem,LC0281
tradeItem,LC0282
tradeItem,LC0283
tradeItem,LC0284
tradeItem,LC0285
tradeItem,LC0286
tradeItem,LC0287
tradeItem,LC0288
tradeItem,LC0289
tradeItem,LC0290
tradeItem,LC0291
tradeItem,LC0292
tradeItem,LC0293
tradeItem,LC0294
tradeItem,LC0295
tradeItem,LC0296
tradeItem,LC0297
tradeItem,LC0298
tradeItem,LC0299
tradeItem,LC0300
tradeItem,LC0301
tradeItem,LC0302
tradeItem,LC0303
tradeItem,LC0304
tradeItem,LC0305
tradeItem,LC0306
tradeItem,LC0307
tradeItem,LC0308
tradeItem,LC0309
tradeItem,LC0310
tradeItem,LC0311
tradeItem,LC0312
tradeItem,LC0315
tradeItem,LC0316
tradeItem,LC0317
tradeItem,LC0318
tradeItem,LC0319
tradeItem,LC0320
tradeItem,LC0321
tradeItem,LC0322
tradeItem,LC0323
tradeItem,LC0324
tradeItem,LC0325
tradeItem,LC0326
tradeItem,LC0327
tradeItem,LC0328
tradeItem,LC0329
tradeItem,LC0330
tradeItem,LC0331
tradeItem,LC0332
tradeItem,LC0333
tradeItem,LC0334
tradeItem,LC0335
tradeItem,LC0336
tradeItem,LC0337
tradeItem,LC0338
tradeItem,LC0339
tradeItem,LC0340
tradeItem,LC0341
tradeItem,LC0342
tradeItem,LC0344
tradeItem,LC0345
tradeItem,LC0346
tradeItem,LC0347
tradeItem,LC0348
tradeItem,LC0349
tradeItem,LC0350
tradeItem,LC0351
tradeItem,LC0352
tradeItem,LC0354
tradeItem,LC0355
tradeItem,LC0356
tradeItem,LC0357
tradeItem,LC0358
tradeItem,LC0360
tradeItem,LC0361
tradeItem,LC0362
tradeItem,LC0363
tradeItem,LC0364
tradeItem,LC0365
tradeItem,LC0368
tradeItem,LC0369
tradeItem,LC0370
tradeItem,LC0371
tradeItem,LC0372
tradeItem,LC0373
tradeItem,LC0374
tradeItem,LC0375
tradeItem,LC0376
tradeItem,LC0377
tradeItem,LC0378
tradeItem,LC0379
tradeItem,LC0381
tradeItem,LC0382
tradeItem,LC0385
tradeItem,LC0386
tradeItem,LC0387
tradeItem,LC0391
tradeItem,LC0392
tradeItem,LC0393
tradeItem,LC0394
tradeItem,LC0395
tradeItem,LC0396
tradeItem,LC0397
tradeItem,LC0398
tradeItem,LC0402
tradeItem,LC0408
tradeItem,LC0410
tradeItem,LC0411
tradeItem,LC0414
tradeItem,LC0415
tradeItem,LC0416
tradeItem,LC0419
tradeItem,LC0424
tradeItem,LC0427
tradeItem,LC0428
tradeItem,LC0429
tradeItem,LC0439
tradeItem,LC0440
tradeItem,LC0444
tradeItem,LC0445
tradeItem,LC0446
tradeItem,LC0447
tradeItem,LC0448
tradeItem,LC0449
tradeItem,LC0452
tradeItem,LC0453
tradeItem,LC0454
tradeItem,LC0456
tradeItem,LC0457
tradeItem,LC0458
tradeItem,LC0459
tradeItem,LC0460
tradeItem,LC0461
tradeItem,LC0462
tradeItem,LC0463
tradeItem,LC0464
tradeItem,LC0465
tradeItem,LC0466
tradeItem,LC0467
tradeItem,LC0468
tradeItem,LC0469
tradeItem,LC0470
tradeItem,LC0471
tradeItem,LC0472
tradeItem,LC0473
tradeItem,LC0474
tradeItem,LC0475
tradeItem,LC0476
tradeItem,LC0477
tradeItem,LC0478
tradeItem,LC0479
tradeItem,LC0480
tradeItem,LC0481
tradeItem,LC0482
tradeItem,LC0483
tradeItem,MAL0001
tradeItem,MAL0002
tradeItem,MAL0003
tradeItem,MAL0004
tradeItem,MAL0005
tradeItem,MAL0006
tradeItem,MAL0007
tradeItem,MAL0008
tradeItem,MAL0009
tradeItem,MAL0010
tradeItem,MAL0011
tradeItem,MAL0012
tradeItem,MAL0013
tradeItem,MAL0014
tradeItem,MAL0015
tradeItem,MAL0016
tradeItem,MAL0017
tradeItem,MAL0018
tradeItem,RH0001
tradeItem,RH0002
tradeItem,RH0003
tradeItem,RH0004
tradeItem,RH0005
tradeItem,RH0006
tradeItem,RH0007
tradeItem,RH0008
tradeItem,RH0009
tradeItem,RH0010
tradeItem,RH0011
tradeItem,RH0012
tradeItem,RH0013
tradeItem,RH0014
tradeItem,RH0015
tradeItem,RH0016
tradeItem,TB0001
tradeItem,TB0002
tradeItem,TB0003
tradeItem,TB0004
tradeItem,TB0005
tradeItem,TB0006
tradeItem,TB0007
tradeItem,TB0008
tradeItem,TB0009
tradeItem,TB0010
tradeItem,TB0011
tradeItem,TB0012
tradeItem,TB0013
tradeItem,TB0014
tradeItem,TB0015
tradeItem,TB0016
tradeItem,EM0652
tradeItem,EM0653
tradeItem,EM0654
tradeItem,EM0655
tradeItem,EM0656
tradeItem,EM0657
tradeItem,EM0658
tradeItem,EM0659
tradeItem,EM0660
tradeItem,EM0661
tradeItem,EM0662
tradeItem,EM0663
tradeItem,EM0664
tradeItem,EM0665
tradeItem,EM0666
tradeItem,EM0667
tradeItem,EM0668
tradeItem,EM0669
tradeItem,EM0670
tradeItem,HIV0013
tradeItem,HIV0014
tradeItem,HIV0012
tradeItem,MAL0021
tradeItem,MAL0019
tradeItem,MAL0020
tradeItem,MAL0022