programId, facilityTypeCode, facilityCode,organizationName,
EM,CMS,,MEDICAL RESEARCH COUNCIL,
EM,CMS,,CENTRAL MEDICAL STORE,
EM,CMS,,QIAGEN,
EM,CMS,,CELLTRION PHAM INC,
EM,CMS,,UNDP/ PRIMELAB/ IAEA,
EM,CMS,,UNDP/ TTM/ IAEA,
EM,CMS,,BIONOTE - INC,
EM,CMS,,SUADI ARABIA GIFTS,
EM,CMS,,MEDOPHARM,
EM,CMS,,IBIS PHARMA,
EM,CMS,,AJANTA PHARMA LTD,
EM,CMS,,UNIVERSAL CORPORATION LIMITED,
EM,CMS,,ACCESS BIO INC,
EM,CMS,,Premier Medical Corporation Limited,
EM,CMS,,MILLER & MILLER CHEMICALS LTD,
EM,CMS,,RETURN,
EM,CMS,,EFSTEACHING HOSPITAL,
EM,CMS,,BANSANG HOSPITAL,
EM,CMS,,DURBIN PLC,
EM,CMS,,ACDIMA INTERNATIONAL LTD,
EM,CMS,,UNICEF,
EM,CMS,,MYLAN LABORATORIES LIMITED,
EM,CMS,,IMRES MEDICAL SUPPLIERS,
EM,CMS,,PERMIER MEDICAL CORPORATION LIMITED,
EM,CMS,,PFIZER OVERSEA LLC,
EM,CMS,,IDA FOUNDATION,
EM,CMS,,HINDUSTAN SYRINGES + MEDICAL DEVICES LTD,
EM,CMS,,FRESENIUM KABI,
EM,CMS,,AMSTELFARMA,
EM,CMS,,NATIONAL MALARIA CONTROL PROGRAMME,
EM,CMS,,PHARMACIE NATIONAL D'APPROVISIONMENT DE SENEGAL,
EM,CMS,,CIPLA LIMITED,
EM,CMS,,ABBOTT LOGISTICS B.V.,
EM,CMS,,LUPIN LIMITED,
EM,CMS,,NATIONAL PUBLIC HEALTH LABORATORY,
EM,CMS,,UNIMED INTERNATIONAL LTD,
EM,CMS,,AUROBINDO PHARMA LTD,
EM,CMS,,RANBAXY LABORATORIES LIMITED,
EM,CMS,,CADILA PHARMACEUTICAL,
EM,CMS,,ENRAF-NANIUS B.V.,
EM,CMS,,WORLD HEALTH ORGANISATION,
EM,CMS,,MACLEODS PHARMACEUTICAL LIMITED,
EM,CMS,,DANADAMS PHARMACEUTICALS,
EM,CMS,,MATRIX LOBORATORIES LTD,
EM,CMS,,USAID GHANA,
EM,CMS,,BRUKER,
EM,CMS,,DURBIN PLC,
EM,CMS,,TROPICS INTERNATIONAL EL,
EM,CMS,,UNDP/IAEA (ESCO MICRO PTE LTD),
EM,CMS,,NOVARTIS PHARMA SERVICE,
EM,CMS,,REIG JOFRA LABORATORIES,
EM,CMS,,STRIDES ARCOLAB LTD,
EM,CMS,,DONATION,
EM,CMS,,LABORATOIRE RENAUDIN,
EM,CMS,,Remedica Manufacturing of Pharmaceuticals,
EM,CMS,,HETERO LABS LIMITED,
EM,CMS,,SUN PHARMACEUTICAL INDUSTRIES LTD,
EM,CMS,,GUILIN PHARMACEUTICAL CO. LTD.,
EM,CMS,,ISLAMIC DEVELOPEMENT BANK,
EM,CMS,,BF INTERNATIONAL (HK) LTD,
EM,CMS,,Gem Forgings Private Limited,
EM,CMS,,VERVE HUMAN CARE LABORATORY,
EM,CMS,,ALERE MEDICAL CO. LTD,
EM,CMS,,ENTRANCE PHARMACEUTICAL & RESEARCH CENTRE,
EM,CMS,,STANDARD DIAGNOSTIC INC,
EM,CMS,,MEDICAL PARTNER,
EM,CMS,,SIGMA-TAU,
EM,CMS,,ARYSTA LIFE SCIENCE,
EM,CMS,,ACME FORMULATION,
EM,CMS,,CITY PHARMACY,
EM,CMS,,STOP STEP PHARMACY,
EM,CMS,,BECTON DICKINSON INT,
EM,CMS,,ECOMED SCIENTIFIC,
EM,CMS,,KAIRABA PHARMACEUTICALS,
EM,CMS,,YORLAB,
EM,CMS,,BIO-MED LABORATORY,
EM,CMS,,GHANA HEALTH SERVICES,
EM,CMS,,HK MANSARING,
EM,CMS,,MG WORLDWIDE PVT LTD.,
EM,CMS,,ONEWORLD ACCURACY,
EM,CMS,,ASB CLINIC,
EM,CMS,,EVE'S CONTRACEPTIVE CHOICES,
EM,CMS,,WORLD BANK,
EM,CMS,,SURCMS,
EM,CMS,,TECHNOLOGY TRANSFER MARBURG E.V (TTM),
EM,CMS,,SVIZERA EUROPE,
EM,CMS,,TOBINCO PHARMACEUTICALS LTD,
EM,CMS,,CHILD FUND THE GAMBIA,
EM,CMS,,ATLAS TRADING MEDICAL,
EM,CMS,,PHARMANOVA LIMITED,
EM,CMS,,ALFASIGMA S.P.A,
EM,CMS,,MULTI-G BVBA,
EM,CMS,,ASTA,
EM,CMS,,UNDP/ IAEA/ ANEX WE CARE,
EM,CMS,,SHEARGOLD LIMITED,
EM,CMS,,EN-PROJECT,
EM,CMS,,UMEDICA LABORATORIES PVT. LTD,
EM,CMS,,AIDA .A. KANDJI,
EM,CMS,,HUMANWELL PHARMA MALI-SA,
EM,CMS,,CEPHEID HBDC SAS,
EM,CMS,,BIOTEST BIOTECH CO. LTD,
EM,CMS,,SERENBA PHARMACEUTICALS,
EM,CMS,,STAR PHARMACEUTICALS,
EM,CMS,,VICTORY PHARMACEUTICALS,
EM,CMS,,STANDARD SOLUTIONS PHARMACY,
EM,CMS,,COFARAS PHARMACEUTICALS,
EM,CMS,,ICA GAMBIA LTD,
EM,CMS,,JACK MA FOUNDATION,
EM,CMS,,REPUBLIC OF CHINA,
EM,CMS,,WEST AFRICAN HEALTH ORGANISATION (WAHO),
EM,CMS,,INSTITUT PASTEUR DE DAKAR,
EM,CMS,,MR. JABBI & KOREAN PARTNERS,
EM,CMS,,MBOWE NGALA,
EM,CMS,,AU AFRICA CDC,
EM,CMS,,Mr. MODOU JAGNE,
EM,CMS,,MINISTRY OF HEALTH,
EM,CMS,,LABMATE,
EM,CMS,,TURKEY (TMS),
EM,CMS,,EMCURE PHARMACEUTICALS LTD,
EM,CMS,,INDIA GOVERNMENT,
EM,CMS,,MP BIOMEDICALS ASIA PECIFIC PTE LTD,
EM,CMS,,UNITED ARAB EMIRATES,
EM,CMS,,BIO-RAD,
EM,CMS,,FISHER SCIENTIFIC GMBH,
EM,CMS,,ISLAMIC WORLD LEAGUE,
EM,CMS,,SUPPORT OUR OWN,
EM,CMS,,MINISTRY OF FOREIGN AFFAIRS,
EM,CMS,,LIFE TECHNOLOGIES LIMITED,
EM,CMS,,SYSMEX EUROPE GMBH,
EM,CMS,,MISSION PHARMA,
EM,CMS,,ALPHA CHEMIKA,
EM,CMS,,ARKRAY HEALTHCARE PVT. LTD.,
EM,CMS,,STRATLAB LABORATORY SUPPLIES,
EM,CMS,,WORLD TRANS & LOGISTICS GMB LTD.,
EM,CMS,,UN DEVELOPMENT PROGRAM,
EM,CMS,,GAMBIA RED CROSS SOCIETY,
EM,CMS,,T & T GLOBAL,
EM,CMS,,ORTHOPRIMED ENTERPRISE,
EM,CMS,,WORLD TRANS & LOGISTICS GAMBIA LTD.,
EM,CMS,,PROJECT AID,
EM,CMS,,OFFICE OF THE FIRST LADY,
EM,CMS,,MR. SANYANG (LATRIKUNDA),
EM,CMS,,ELHELLA COMPANY LIMITED,
EM,CMS,,GLOBAL FUND/ PFSCM,
EM,CMS,,KPI HEALTH CARE,
EM,CMS,,PHARMILY PHARMACY,
EM,CMS,,WUXI NEST BIOTECHNOLOGY CO.LTD,
EM,CMS,,KOREAN INTERNATIONAL COOPERATION AGENCY,
EM,CMS,,SANGOL HOLDING CO.LTD,
EM,CMS,,IMMY,
EM,CMS,,WUXI NEST BIOTECHNOLOGY CO. LTD.,
EM,CMS,,LUMIRADX LABORATORY,
EM,CMS,,MEDIFF,
EM,CMS,,AL-NURU PHARMACY LIMITED,
EM,CMS,,BGI HEALTH (HK) COMPANY LIMITED,
EM,CMS,,CHINA MEHECO CORPORATION,
EM,CMS,,S KANT HEALTHCARE LTD,
EM,CMS,,LDBIO DIAGNOSTICS,
EM,CMS,,AFRICAN UNION,
EM,CMS,,WORLD FEDERATION FOR HEMOPHILIA,
EM,CMS,,MERIL DIAGNOSTICS PRIVATE LIMITED,
EM,CMS,,MICRO LAB LIMITED,
EM,CMS,,MEDICAL EXPORT GROUP BV,
EM,CMS,,ORION PHARMA,
EM,CMS,,UNFPA,
EM,CMS,,Donation,
EM,CMS,,Procured by Facility,
HIV,CMS,,MEDICAL RESEARCH COUNCIL,
HIV,CMS,,CENTRAL MEDICAL STORE,
HIV,CMS,,QIAGEN,
HIV,CMS,,CELLTRION PHAM INC,
HIV,CMS,,UNDP/ PRIMELAB/ IAEA,
HIV,CMS,,UNDP/ TTM/ IAEA,
HIV,CMS,,BIONOTE - INC,
HIV,CMS,,SUADI ARABIA GIFTS,
HIV,CMS,,MEDOPHARM,
HIV,CMS,,IBIS PHARMA,
HIV,CMS,,AJANTA PHARMA LTD,
HIV,CMS,,UNIVERSAL CORPORATION LIMITED,
HIV,CMS,,ACCESS BIO INC,
HIV,CMS,,Premier Medical Corporation Limited,
HIV,CMS,,MILLER & MILLER CHEMICALS LTD,
HIV,CMS,,RETURN,
HIV,CMS,,EFSTEACHING HOSPITAL,
HIV,CMS,,BANSANG HOSPITAL,
HIV,CMS,,DURBIN PLC,
HIV,CMS,,ACDIMA INTERNATIONAL LTD,
HIV,CMS,,UNICEF,
HIV,CMS,,MYLAN LABORATORIES LIMITED,
HIV,CMS,,IMRES MEDICAL SUPPLIERS,
HIV,CMS,,PERMIER MEDICAL CORPORATION LIMITED,
HIV,CMS,,PFIZER OVERSEA LLC,
HIV,CMS,,IDA FOUNDATION,
HIV,CMS,,HINDUSTAN SYRINGES + MEDICAL DEVICES LTD,
HIV,CMS,,FRESENIUM KABI,
HIV,CMS,,AMSTELFARMA,
HIV,CMS,,NATIONAL MALARIA CONTROL PROGRAMME,
HIV,CMS,,PHARMACIE NATIONAL D'APPROVISIONMENT DE SENEGAL,
HIV,CMS,,CIPLA LIMITED,
HIV,CMS,,ABBOTT LOGISTICS B.V.,
HIV,CMS,,LUPIN LIMITED,
HIV,CMS,,NATIONAL PUBLIC HEALTH LABORATORY,
HIV,CMS,,UNIMED INTERNATIONAL LTD,
HIV,CMS,,AUROBINDO PHARMA LTD,
HIV,CMS,,RANBAXY LABORATORIES LIMITED,
HIV,CMS,,CADILA PHARMACEUTICAL,
HIV,CMS,,ENRAF-NANIUS B.V.,
HIV,CMS,,WORLD HEALTH ORGANISATION,
HIV,CMS,,MACLEODS PHARMACEUTICAL LIMITED,
HIV,CMS,,DANADAMS PHARMACEUTICALS,
HIV,CMS,,MATRIX LOBORATORIES LTD,
HIV,CMS,,USAID GHANA,
HIV,CMS,,BRUKER,
HIV,CMS,,DURBIN PLC,
HIV,CMS,,TROPICS INTERNATIONAL EL,
HIV,CMS,,UNDP/IAEA (ESCO MICRO PTE LTD),
HIV,CMS,,NOVARTIS PHARMA SERVICE,
HIV,CMS,,REIG JOFRA LABORATORIES,
HIV,CMS,,STRIDES ARCOLAB LTD,
HIV,CMS,,DONATION,
HIV,CMS,,LABORATOIRE RENAUDIN,
HIV,CMS,,Remedica Manufacturing of Pharmaceuticals,
HIV,CMS,,HETERO LABS LIMITED,
HIV,CMS,,SUN PHARMACEUTICAL INDUSTRIES LTD,
HIV,CMS,,GUILIN PHARMACEUTICAL CO. LTD.,
HIV,CMS,,ISLAMIC DEVELOPEMENT BANK,
HIV,CMS,,BF INTERNATIONAL (HK) LTD,
HIV,CMS,,Gem Forgings Private Limited,
HIV,CMS,,VERVE HUMAN CARE LABORATORY,
HIV,CMS,,ALERE MEDICAL CO. LTD,
HIV,CMS,,ENTRANCE PHARMACEUTICAL & RESEARCH CENTRE,
HIV,CMS,,STANDARD DIAGNOSTIC INC,
HIV,CMS,,MEDICAL PARTNER,
HIV,CMS,,SIGMA-TAU,
HIV,CMS,,ARYSTA LIFE SCIENCE,
HIV,CMS,,ACME FORMULATION,
HIV,CMS,,CITY PHARMACY,
HIV,CMS,,STOP STEP PHARMACY,
HIV,CMS,,BECTON DICKINSON INT,
HIV,CMS,,ECOMED SCIENTIFIC,
HIV,CMS,,KAIRABA PHARMACEUTICALS,
HIV,CMS,,YORLAB,
HIV,CMS,,BIO-MED LABORATORY,
HIV,CMS,,GHANA HEALTH SERVICES,
HIV,CMS,,HK MANSARING,
HIV,CMS,,MG WORLDWIDE PVT LTD.,
HIV,CMS,,ONEWORLD ACCURACY,
HIV,CMS,,ASB CLINIC,
HIV,CMS,,EVE'S CONTRACEPTIVE CHOICES,
HIV,CMS,,WORLD BANK,
HIV,CMS,,SURCMS,
HIV,CMS,,TECHNOLOGY TRANSFER MARBURG E.V (TTM),
HIV,CMS,,SVIZERA EUROPE,
HIV,CMS,,TOBINCO PHARMACEUTICALS LTD,
HIV,CMS,,CHILD FUND THE GAMBIA,
HIV,CMS,,ATLAS TRADING MEDICAL,
HIV,CMS,,PHARMANOVA LIMITED,
HIV,CMS,,ALFASIGMA S.P.A,
HIV,CMS,,MULTI-G BVBA,
HIV,CMS,,ASTA,
HIV,CMS,,UNDP/ IAEA/ ANEX WE CARE,
HIV,CMS,,SHEARGOLD LIMITED,
HIV,CMS,,EN-PROJECT,
HIV,CMS,,UMEDICA LABORATORIES PVT. LTD,
HIV,CMS,,AIDA .A. KANDJI,
HIV,CMS,,HUMANWELL PHARMA MALI-SA,
HIV,CMS,,CEPHEID HBDC SAS,
HIV,CMS,,BIOTEST BIOTECH CO. LTD,
HIV,CMS,,SERENBA PHARMACEUTICALS,
HIV,CMS,,STAR PHARMACEUTICALS,
HIV,CMS,,VICTORY PHARMACEUTICALS,
HIV,CMS,,STANDARD SOLUTIONS PHARMACY,
HIV,CMS,,COFARAS PHARMACEUTICALS,
HIV,CMS,,ICA GAMBIA LTD,
HIV,CMS,,JACK MA FOUNDATION,
HIV,CMS,,REPUBLIC OF CHINA,
HIV,CMS,,WEST AFRICAN HEALTH ORGANISATION (WAHO),
HIV,CMS,,INSTITUT PASTEUR DE DAKAR,
HIV,CMS,,MR. JABBI & KOREAN PARTNERS,
HIV,CMS,,MBOWE NGALA,
HIV,CMS,,AU AFRICA CDC,
HIV,CMS,,Mr. MODOU JAGNE,
HIV,CMS,,MINISTRY OF HEALTH,
HIV,CMS,,LABMATE,
HIV,CMS,,TURKEY (TMS),
HIV,CMS,,EMCURE PHARMACEUTICALS LTD,
HIV,CMS,,INDIA GOVERNMENT,
HIV,CMS,,MP BIOMEDICALS ASIA PECIFIC PTE LTD,
HIV,CMS,,UNITED ARAB EMIRATES,
HIV,CMS,,BIO-RAD,
HIV,CMS,,FISHER SCIENTIFIC GMBH,
HIV,CMS,,ISLAMIC WORLD LEAGUE,
HIV,CMS,,SUPPORT OUR OWN,
HIV,CMS,,MINISTRY OF FOREIGN AFFAIRS,
HIV,CMS,,LIFE TECHNOLOGIES LIMITED,
HIV,CMS,,SYSMEX EUROPE GMBH,
HIV,CMS,,MISSION PHARMA,
HIV,CMS,,ALPHA CHEMIKA,
HIV,CMS,,ARKRAY HEALTHCARE PVT. LTD.,
HIV,CMS,,STRATLAB LABORATORY SUPPLIES,
HIV,CMS,,WORLD TRANS & LOGISTICS GMB LTD.,
HIV,CMS,,UN DEVELOPMENT PROGRAM,
HIV,CMS,,GAMBIA RED CROSS SOCIETY,
HIV,CMS,,T & T GLOBAL,
HIV,CMS,,ORTHOPRIMED ENTERPRISE,
HIV,CMS,,WORLD TRANS & LOGISTICS GAMBIA LTD.,
HIV,CMS,,PROJECT AID,
HIV,CMS,,OFFICE OF THE FIRST LADY,
HIV,CMS,,MR. SANYANG (LATRIKUNDA),
HIV,CMS,,ELHELLA COMPANY LIMITED,
HIV,CMS,,GLOBAL FUND/ PFSCM,
HIV,CMS,,KPI HEALTH CARE,
HIV,CMS,,PHARMILY PHARMACY,
HIV,CMS,,WUXI NEST BIOTECHNOLOGY CO.LTD,
HIV,CMS,,KOREAN INTERNATIONAL COOPERATION AGENCY,
HIV,CMS,,SANGOL HOLDING CO.LTD,
HIV,CMS,,IMMY,
HIV,CMS,,WUXI NEST BIOTECHNOLOGY CO. LTD.,
HIV,CMS,,LUMIRADX LABORATORY,
HIV,CMS,,MEDIFF,
HIV,CMS,,AL-NURU PHARMACY LIMITED,
HIV,CMS,,BGI HEALTH (HK) COMPANY LIMITED,
HIV,CMS,,CHINA MEHECO CORPORATION,
HIV,CMS,,S KANT HEALTHCARE LTD,
HIV,CMS,,LDBIO DIAGNOSTICS,
HIV,CMS,,AFRICAN UNION,
HIV,CMS,,WORLD FEDERATION FOR HEMOPHILIA,
HIV,CMS,,MERIL DIAGNOSTICS PRIVATE LIMITED,
HIV,CMS,,MICRO LAB LIMITED,
HIV,CMS,,MEDICAL EXPORT GROUP BV,
HIV,CMS,,ORION PHARMA,
HIV,CMS,,UNFPA,
HIV,CMS,,Donation,
HIV,CMS,,Procured by Facility,
TB,CMS,,MEDICAL RESEARCH COUNCIL,
TB,CMS,,CENTRAL MEDICAL STORE,
TB,CMS,,QIAGEN,
TB,CMS,,CELLTRION PHAM INC,
TB,CMS,,UNDP/ PRIMELAB/ IAEA,
TB,CMS,,UNDP/ TTM/ IAEA,
TB,CMS,,BIONOTE - INC,
TB,CMS,,SUADI ARABIA GIFTS,
TB,CMS,,MEDOPHARM,
TB,CMS,,IBIS PHARMA,
TB,CMS,,AJANTA PHARMA LTD,
TB,CMS,,UNIVERSAL CORPORATION LIMITED,
TB,CMS,,ACCESS BIO INC,
TB,CMS,,Premier Medical Corporation Limited,
TB,CMS,,MILLER & MILLER CHEMICALS LTD,
TB,CMS,,RETURN,
TB,CMS,,EFSTEACHING HOSPITAL,
TB,CMS,,BANSANG HOSPITAL,
TB,CMS,,DURBIN PLC,
TB,CMS,,ACDIMA INTERNATIONAL LTD,
TB,CMS,,UNICEF,
TB,CMS,,MYLAN LABORATORIES LIMITED,
TB,CMS,,IMRES MEDICAL SUPPLIERS,
TB,CMS,,PERMIER MEDICAL CORPORATION LIMITED,
TB,CMS,,PFIZER OVERSEA LLC,
TB,CMS,,IDA FOUNDATION,
TB,CMS,,HINDUSTAN SYRINGES + MEDICAL DEVICES LTD,
TB,CMS,,FRESENIUM KABI,
TB,CMS,,AMSTELFARMA,
TB,CMS,,NATIONAL MALARIA CONTROL PROGRAMME,
TB,CMS,,PHARMACIE NATIONAL D'APPROVISIONMENT DE SENEGAL,
TB,CMS,,CIPLA LIMITED,
TB,CMS,,ABBOTT LOGISTICS B.V.,
TB,CMS,,LUPIN LIMITED,
TB,CMS,,NATIONAL PUBLIC HEALTH LABORATORY,
TB,CMS,,UNIMED INTERNATIONAL LTD,
TB,CMS,,AUROBINDO PHARMA LTD,
TB,CMS,,RANBAXY LABORATORIES LIMITED,
TB,CMS,,CADILA PHARMACEUTICAL,
TB,CMS,,ENRAF-NANIUS B.V.,
TB,CMS,,WORLD HEALTH ORGANISATION,
TB,CMS,,MACLEODS PHARMACEUTICAL LIMITED,
TB,CMS,,DANADAMS PHARMACEUTICALS,
TB,CMS,,MATRIX LOBORATORIES LTD,
TB,CMS,,USAID GHANA,
TB,CMS,,BRUKER,
TB,CMS,,DURBIN PLC,
TB,CMS,,TROPICS INTERNATIONAL EL,
TB,CMS,,UNDP/IAEA (ESCO MICRO PTE LTD),
TB,CMS,,NOVARTIS PHARMA SERVICE,
TB,CMS,,REIG JOFRA LABORATORIES,
TB,CMS,,STRIDES ARCOLAB LTD,
TB,CMS,,DONATION,
TB,CMS,,LABORATOIRE RENAUDIN,
TB,CMS,,Remedica Manufacturing of Pharmaceuticals,
TB,CMS,,HETERO LABS LIMITED,
TB,CMS,,SUN PHARMACEUTICAL INDUSTRIES LTD,
TB,CMS,,GUILIN PHARMACEUTICAL CO. LTD.,
TB,CMS,,ISLAMIC DEVELOPEMENT BANK,
TB,CMS,,BF INTERNATIONAL (HK) LTD,
TB,CMS,,Gem Forgings Private Limited,
TB,CMS,,VERVE HUMAN CARE LABORATORY,
TB,CMS,,ALERE MEDICAL CO. LTD,
TB,CMS,,ENTRANCE PHARMACEUTICAL & RESEARCH CENTRE,
TB,CMS,,STANDARD DIAGNOSTIC INC,
TB,CMS,,MEDICAL PARTNER,
TB,CMS,,SIGMA-TAU,
TB,CMS,,ARYSTA LIFE SCIENCE,
TB,CMS,,ACME FORMULATION,
TB,CMS,,CITY PHARMACY,
TB,CMS,,STOP STEP PHARMACY,
TB,CMS,,BECTON DICKINSON INT,
TB,CMS,,ECOMED SCIENTIFIC,
TB,CMS,,KAIRABA PHARMACEUTICALS,
TB,CMS,,YORLAB,
TB,CMS,,BIO-MED LABORATORY,
TB,CMS,,GHANA HEALTH SERVICES,
TB,CMS,,HK MANSARING,
TB,CMS,,MG WORLDWIDE PVT LTD.,
TB,CMS,,ONEWORLD ACCURACY,
TB,CMS,,ASB CLINIC,
TB,CMS,,EVE'S CONTRACEPTIVE CHOICES,
TB,CMS,,WORLD BANK,
TB,CMS,,SURCMS,
TB,CMS,,TECHNOLOGY TRANSFER MARBURG E.V (TTM),
TB,CMS,,SVIZERA EUROPE,
TB,CMS,,TOBINCO PHARMACEUTICALS LTD,
TB,CMS,,CHILD FUND THE GAMBIA,
TB,CMS,,ATLAS TRADING MEDICAL,
TB,CMS,,PHARMANOVA LIMITED,
TB,CMS,,ALFASIGMA S.P.A,
TB,CMS,,MULTI-G BVBA,
TB,CMS,,ASTA,
TB,CMS,,UNDP/ IAEA/ ANEX WE CARE,
TB,CMS,,SHEARGOLD LIMITED,
TB,CMS,,EN-PROJECT,
TB,CMS,,UMEDICA LABORATORIES PVT. LTD,
TB,CMS,,AIDA .A. KANDJI,
TB,CMS,,HUMANWELL PHARMA MALI-SA,
TB,CMS,,CEPHEID HBDC SAS,
TB,CMS,,BIOTEST BIOTECH CO. LTD,
TB,CMS,,SERENBA PHARMACEUTICALS,
TB,CMS,,STAR PHARMACEUTICALS,
TB,CMS,,VICTORY PHARMACEUTICALS,
TB,CMS,,STANDARD SOLUTIONS PHARMACY,
TB,CMS,,COFARAS PHARMACEUTICALS,
TB,CMS,,ICA GAMBIA LTD,
TB,CMS,,JACK MA FOUNDATION,
TB,CMS,,REPUBLIC OF CHINA,
TB,CMS,,WEST AFRICAN HEALTH ORGANISATION (WAHO),
TB,CMS,,INSTITUT PASTEUR DE DAKAR,
TB,CMS,,MR. JABBI & KOREAN PARTNERS,
TB,CMS,,MBOWE NGALA,
TB,CMS,,AU AFRICA CDC,
TB,CMS,,Mr. MODOU JAGNE,
TB,CMS,,MINISTRY OF HEALTH,
TB,CMS,,LABMATE,
TB,CMS,,TURKEY (TMS),
TB,CMS,,EMCURE PHARMACEUTICALS LTD,
TB,CMS,,INDIA GOVERNMENT,
TB,CMS,,MP BIOMEDICALS ASIA PECIFIC PTE LTD,
TB,CMS,,UNITED ARAB EMIRATES,
TB,CMS,,BIO-RAD,
TB,CMS,,FISHER SCIENTIFIC GMBH,
TB,CMS,,ISLAMIC WORLD LEAGUE,
TB,CMS,,SUPPORT OUR OWN,
TB,CMS,,MINISTRY OF FOREIGN AFFAIRS,
TB,CMS,,LIFE TECHNOLOGIES LIMITED,
TB,CMS,,SYSMEX EUROPE GMBH,
TB,CMS,,MISSION PHARMA,
TB,CMS,,ALPHA CHEMIKA,
TB,CMS,,ARKRAY HEALTHCARE PVT. LTD.,
TB,CMS,,STRATLAB LABORATORY SUPPLIES,
TB,CMS,,WORLD TRANS & LOGISTICS GMB LTD.,
TB,CMS,,UN DEVELOPMENT PROGRAM,
TB,CMS,,GAMBIA RED CROSS SOCIETY,
TB,CMS,,T & T GLOBAL,
TB,CMS,,ORTHOPRIMED ENTERPRISE,
TB,CMS,,WORLD TRANS & LOGISTICS GAMBIA LTD.,
TB,CMS,,PROJECT AID,
TB,CMS,,OFFICE OF THE FIRST LADY,
TB,CMS,,MR. SANYANG (LATRIKUNDA),
TB,CMS,,ELHELLA COMPANY LIMITED,
TB,CMS,,GLOBAL FUND/ PFSCM,
TB,CMS,,KPI HEALTH CARE,
TB,CMS,,PHARMILY PHARMACY,
TB,CMS,,WUXI NEST BIOTECHNOLOGY CO.LTD,
TB,CMS,,KOREAN INTERNATIONAL COOPERATION AGENCY,
TB,CMS,,SANGOL HOLDING CO.LTD,
TB,CMS,,IMMY,
TB,CMS,,WUXI NEST BIOTECHNOLOGY CO. LTD.,
TB,CMS,,LUMIRADX LABORATORY,
TB,CMS,,MEDIFF,
TB,CMS,,AL-NURU PHARMACY LIMITED,
TB,CMS,,BGI HEALTH (HK) COMPANY LIMITED,
TB,CMS,,CHINA MEHECO CORPORATION,
TB,CMS,,S KANT HEALTHCARE LTD,
TB,CMS,,LDBIO DIAGNOSTICS,
TB,CMS,,AFRICAN UNION,
TB,CMS,,WORLD FEDERATION FOR HEMOPHILIA,
TB,CMS,,MERIL DIAGNOSTICS PRIVATE LIMITED,
TB,CMS,,MICRO LAB LIMITED,
TB,CMS,,MEDICAL EXPORT GROUP BV,
TB,CMS,,ORION PHARMA,
TB,CMS,,UNFPA,
TB,CMS,,Donation,
TB,CMS,,Procured by Facility,
MLA,CMS,,MEDICAL RESEARCH COUNCIL,
MLA,CMS,,CENTRAL MEDICAL STORE,
MLA,CMS,,QIAGEN,
MLA,CMS,,CELLTRION PHAM INC,
MLA,CMS,,UNDP/ PRIMELAB/ IAEA,
MLA,CMS,,UNDP/ TTM/ IAEA,
MLA,CMS,,BIONOTE - INC,
MLA,CMS,,SUADI ARABIA GIFTS,
MLA,CMS,,MEDOPHARM,
MLA,CMS,,IBIS PHARMA,
MLA,CMS,,AJANTA PHARMA LTD,
MLA,CMS,,UNIVERSAL CORPORATION LIMITED,
MLA,CMS,,ACCESS BIO INC,
MLA,CMS,,Premier Medical Corporation Limited,
MLA,CMS,,MILLER & MILLER CHEMICALS LTD,
MLA,CMS,,RETURN,
MLA,CMS,,EFSTEACHING HOSPITAL,
MLA,CMS,,BANSANG HOSPITAL,
MLA,CMS,,DURBIN PLC,
MLA,CMS,,ACDIMA INTERNATIONAL LTD,
MLA,CMS,,UNICEF,
MLA,CMS,,MYLAN LABORATORIES LIMITED,
MLA,CMS,,IMRES MEDICAL SUPPLIERS,
MLA,CMS,,PERMIER MEDICAL CORPORATION LIMITED,
MLA,CMS,,PFIZER OVERSEA LLC,
MLA,CMS,,IDA FOUNDATION,
MLA,CMS,,HINDUSTAN SYRINGES + MEDICAL DEVICES LTD,
MLA,CMS,,FRESENIUM KABI,
MLA,CMS,,AMSTELFARMA,
MLA,CMS,,NATIONAL MALARIA CONTROL PROGRAMME,
MLA,CMS,,PHARMACIE NATIONAL D'APPROVISIONMENT DE SENEGAL,
MLA,CMS,,CIPLA LIMITED,
MLA,CMS,,ABBOTT LOGISTICS B.V.,
MLA,CMS,,LUPIN LIMITED,
MLA,CMS,,NATIONAL PUBLIC HEALTH LABORATORY,
MLA,CMS,,UNIMED INTERNATIONAL LTD,
MLA,CMS,,AUROBINDO PHARMA LTD,
MLA,CMS,,RANBAXY LABORATORIES LIMITED,
MLA,CMS,,CADILA PHARMACEUTICAL,
MLA,CMS,,ENRAF-NANIUS B.V.,
MLA,CMS,,WORLD HEALTH ORGANISATION,
MLA,CMS,,MACLEODS PHARMACEUTICAL LIMITED,
MLA,CMS,,DANADAMS PHARMACEUTICALS,
MLA,CMS,,MATRIX LOBORATORIES LTD,
MLA,CMS,,USAID GHANA,
MLA,CMS,,BRUKER,
MLA,CMS,,DURBIN PLC,
MLA,CMS,,TROPICS INTERNATIONAL EL,
MLA,CMS,,UNDP/IAEA (ESCO MICRO PTE LTD),
MLA,CMS,,NOVARTIS PHARMA SERVICE,
MLA,CMS,,REIG JOFRA LABORATORIES,
MLA,CMS,,STRIDES ARCOLAB LTD,
MLA,CMS,,DONATION,
MLA,CMS,,LABORATOIRE RENAUDIN,
MLA,CMS,,Remedica Manufacturing of Pharmaceuticals,
MLA,CMS,,HETERO LABS LIMITED,
MLA,CMS,,SUN PHARMACEUTICAL INDUSTRIES LTD,
MLA,CMS,,GUILIN PHARMACEUTICAL CO. LTD.,
MLA,CMS,,ISLAMIC DEVELOPEMENT BANK,
MLA,CMS,,BF INTERNATIONAL (HK) LTD,
MLA,CMS,,Gem Forgings Private Limited,
MLA,CMS,,VERVE HUMAN CARE LABORATORY,
MLA,CMS,,ALERE MEDICAL CO. LTD,
MLA,CMS,,ENTRANCE PHARMACEUTICAL & RESEARCH CENTRE,
MLA,CMS,,STANDARD DIAGNOSTIC INC,
MLA,CMS,,MEDICAL PARTNER,
MLA,CMS,,SIGMA-TAU,
MLA,CMS,,ARYSTA LIFE SCIENCE,
MLA,CMS,,ACME FORMULATION,
MLA,CMS,,CITY PHARMACY,
MLA,CMS,,STOP STEP PHARMACY,
MLA,CMS,,BECTON DICKINSON INT,
MLA,CMS,,ECOMED SCIENTIFIC,
MLA,CMS,,KAIRABA PHARMACEUTICALS,
MLA,CMS,,YORLAB,
MLA,CMS,,BIO-MED LABORATORY,
MLA,CMS,,GHANA HEALTH SERVICES,
MLA,CMS,,HK MANSARING,
MLA,CMS,,MG WORLDWIDE PVT LTD.,
MLA,CMS,,ONEWORLD ACCURACY,
MLA,CMS,,ASB CLINIC,
MLA,CMS,,EVE'S CONTRACEPTIVE CHOICES,
MLA,CMS,,WORLD BANK,
MLA,CMS,,SURCMS,
MLA,CMS,,TECHNOLOGY TRANSFER MARBURG E.V (TTM),
MLA,CMS,,SVIZERA EUROPE,
MLA,CMS,,TOBINCO PHARMACEUTICALS LTD,
MLA,CMS,,CHILD FUND THE GAMBIA,
MLA,CMS,,ATLAS TRADING MEDICAL,
MLA,CMS,,PHARMANOVA LIMITED,
MLA,CMS,,ALFASIGMA S.P.A,
MLA,CMS,,MULTI-G BVBA,
MLA,CMS,,ASTA,
MLA,CMS,,UNDP/ IAEA/ ANEX WE CARE,
MLA,CMS,,SHEARGOLD LIMITED,
MLA,CMS,,EN-PROJECT,
MLA,CMS,,UMEDICA LABORATORIES PVT. LTD,
MLA,CMS,,AIDA .A. KANDJI,
MLA,CMS,,HUMANWELL PHARMA MALI-SA,
MLA,CMS,,CEPHEID HBDC SAS,
MLA,CMS,,BIOTEST BIOTECH CO. LTD,
MLA,CMS,,SERENBA PHARMACEUTICALS,
MLA,CMS,,STAR PHARMACEUTICALS,
MLA,CMS,,VICTORY PHARMACEUTICALS,
MLA,CMS,,STANDARD SOLUTIONS PHARMACY,
MLA,CMS,,COFARAS PHARMACEUTICALS,
MLA,CMS,,ICA GAMBIA LTD,
MLA,CMS,,JACK MA FOUNDATION,
MLA,CMS,,REPUBLIC OF CHINA,
MLA,CMS,,WEST AFRICAN HEALTH ORGANISATION (WAHO),
MLA,CMS,,INSTITUT PASTEUR DE DAKAR,
MLA,CMS,,MR. JABBI & KOREAN PARTNERS,
MLA,CMS,,MBOWE NGALA,
MLA,CMS,,AU AFRICA CDC,
MLA,CMS,,Mr. MODOU JAGNE,
MLA,CMS,,MINISTRY OF HEALTH,
MLA,CMS,,LABMATE,
MLA,CMS,,TURKEY (TMS),
MLA,CMS,,EMCURE PHARMACEUTICALS LTD,
MLA,CMS,,INDIA GOVERNMENT,
MLA,CMS,,MP BIOMEDICALS ASIA PECIFIC PTE LTD,
MLA,CMS,,UNITED ARAB EMIRATES,
MLA,CMS,,BIO-RAD,
MLA,CMS,,FISHER SCIENTIFIC GMBH,
MLA,CMS,,ISLAMIC WORLD LEAGUE,
MLA,CMS,,SUPPORT OUR OWN,
MLA,CMS,,MINISTRY OF FOREIGN AFFAIRS,
MLA,CMS,,LIFE TECHNOLOGIES LIMITED,
MLA,CMS,,SYSMEX EUROPE GMBH,
MLA,CMS,,MISSION PHARMA,
MLA,CMS,,ALPHA CHEMIKA,
MLA,CMS,,ARKRAY HEALTHCARE PVT. LTD.,
MLA,CMS,,STRATLAB LABORATORY SUPPLIES,
MLA,CMS,,WORLD TRANS & LOGISTICS GMB LTD.,
MLA,CMS,,UN DEVELOPMENT PROGRAM,
MLA,CMS,,GAMBIA RED CROSS SOCIETY,
MLA,CMS,,T & T GLOBAL,
MLA,CMS,,ORTHOPRIMED ENTERPRISE,
MLA,CMS,,WORLD TRANS & LOGISTICS GAMBIA LTD.,
MLA,CMS,,PROJECT AID,
MLA,CMS,,OFFICE OF THE FIRST LADY,
MLA,CMS,,MR. SANYANG (LATRIKUNDA),
MLA,CMS,,ELHELLA COMPANY LIMITED,
MLA,CMS,,GLOBAL FUND/ PFSCM,
MLA,CMS,,KPI HEALTH CARE,
MLA,CMS,,PHARMILY PHARMACY,
MLA,CMS,,WUXI NEST BIOTECHNOLOGY CO.LTD,
MLA,CMS,,KOREAN INTERNATIONAL COOPERATION AGENCY,
MLA,CMS,,SANGOL HOLDING CO.LTD,
MLA,CMS,,IMMY,
MLA,CMS,,WUXI NEST BIOTECHNOLOGY CO. LTD.,
MLA,CMS,,LUMIRADX LABORATORY,
MLA,CMS,,MEDIFF,
MLA,CMS,,AL-NURU PHARMACY LIMITED,
MLA,CMS,,BGI HEALTH (HK) COMPANY LIMITED,
MLA,CMS,,CHINA MEHECO CORPORATION,
MLA,CMS,,S KANT HEALTHCARE LTD,
MLA,CMS,,LDBIO DIAGNOSTICS,
MLA,CMS,,AFRICAN UNION,
MLA,CMS,,WORLD FEDERATION FOR HEMOPHILIA,
MLA,CMS,,MERIL DIAGNOSTICS PRIVATE LIMITED,
MLA,CMS,,MICRO LAB LIMITED,
MLA,CMS,,MEDICAL EXPORT GROUP BV,
MLA,CMS,,ORION PHARMA,
MLA,CMS,,UNFPA,
MLA,CMS,,Donation,
MLA,CMS,,Procured by Facility,
RMNCAH,CMS,,MEDICAL RESEARCH COUNCIL,
RMNCAH,CMS,,CENTRAL MEDICAL STORE,
RMNCAH,CMS,,QIAGEN,
RMNCAH,CMS,,CELLTRION PHAM INC,
RMNCAH,CMS,,UNDP/ PRIMELAB/ IAEA,
RMNCAH,CMS,,UNDP/ TTM/ IAEA,
RMNCAH,CMS,,BIONOTE - INC,
RMNCAH,CMS,,SUADI ARABIA GIFTS,
RMNCAH,CMS,,MEDOPHARM,
RMNCAH,CMS,,IBIS PHARMA,
RMNCAH,CMS,,AJANTA PHARMA LTD,
RMNCAH,CMS,,UNIVERSAL CORPORATION LIMITED,
RMNCAH,CMS,,ACCESS BIO INC,
RMNCAH,CMS,,Premier Medical Corporation Limited,
RMNCAH,CMS,,MILLER & MILLER CHEMICALS LTD,
RMNCAH,CMS,,RETURN,
RMNCAH,CMS,,EFSTEACHING HOSPITAL,
RMNCAH,CMS,,BANSANG HOSPITAL,
RMNCAH,CMS,,DURBIN PLC,
RMNCAH,CMS,,ACDIMA INTERNATIONAL LTD,
RMNCAH,CMS,,UNICEF,
RMNCAH,CMS,,MYLAN LABORATORIES LIMITED,
RMNCAH,CMS,,IMRES MEDICAL SUPPLIERS,
RMNCAH,CMS,,PERMIER MEDICAL CORPORATION LIMITED,
RMNCAH,CMS,,PFIZER OVERSEA LLC,
RMNCAH,CMS,,IDA FOUNDATION,
RMNCAH,CMS,,HINDUSTAN SYRINGES + MEDICAL DEVICES LTD,
RMNCAH,CMS,,FRESENIUM KABI,
RMNCAH,CMS,,AMSTELFARMA,
RMNCAH,CMS,,NATIONAL MALARIA CONTROL PROGRAMME,
RMNCAH,CMS,,PHARMACIE NATIONAL D'APPROVISIONMENT DE SENEGAL,
RMNCAH,CMS,,CIPLA LIMITED,
RMNCAH,CMS,,ABBOTT LOGISTICS B.V.,
RMNCAH,CMS,,LUPIN LIMITED,
RMNCAH,CMS,,NATIONAL PUBLIC HEALTH LABORATORY,
RMNCAH,CMS,,UNIMED INTERNATIONAL LTD,
RMNCAH,CMS,,AUROBINDO PHARMA LTD,
RMNCAH,CMS,,RANBAXY LABORATORIES LIMITED,
RMNCAH,CMS,,CADILA PHARMACEUTICAL,
RMNCAH,CMS,,ENRAF-NANIUS B.V.,
RMNCAH,CMS,,WORLD HEALTH ORGANISATION,
RMNCAH,CMS,,MACLEODS PHARMACEUTICAL LIMITED,
RMNCAH,CMS,,DANADAMS PHARMACEUTICALS,
RMNCAH,CMS,,MATRIX LOBORATORIES LTD,
RMNCAH,CMS,,USAID GHANA,
RMNCAH,CMS,,BRUKER,
RMNCAH,CMS,,DURBIN PLC,
RMNCAH,CMS,,TROPICS INTERNATIONAL EL,
RMNCAH,CMS,,UNDP/IAEA (ESCO MICRO PTE LTD),
RMNCAH,CMS,,NOVARTIS PHARMA SERVICE,
RMNCAH,CMS,,REIG JOFRA LABORATORIES,
RMNCAH,CMS,,STRIDES ARCOLAB LTD,
RMNCAH,CMS,,DONATION,
RMNCAH,CMS,,LABORATOIRE RENAUDIN,
RMNCAH,CMS,,Remedica Manufacturing of Pharmaceuticals,
RMNCAH,CMS,,HETERO LABS LIMITED,
RMNCAH,CMS,,SUN PHARMACEUTICAL INDUSTRIES LTD,
RMNCAH,CMS,,GUILIN PHARMACEUTICAL CO. LTD.,
RMNCAH,CMS,,ISLAMIC DEVELOPEMENT BANK,
RMNCAH,CMS,,BF INTERNATIONAL (HK) LTD,
RMNCAH,CMS,,Gem Forgings Private Limited,
RMNCAH,CMS,,VERVE HUMAN CARE LABORATORY,
RMNCAH,CMS,,ALERE MEDICAL CO. LTD,
RMNCAH,CMS,,ENTRANCE PHARMACEUTICAL & RESEARCH CENTRE,
RMNCAH,CMS,,STANDARD DIAGNOSTIC INC,
RMNCAH,CMS,,MEDICAL PARTNER,
RMNCAH,CMS,,SIGMA-TAU,
RMNCAH,CMS,,ARYSTA LIFE SCIENCE,
RMNCAH,CMS,,ACME FORMULATION,
RMNCAH,CMS,,CITY PHARMACY,
RMNCAH,CMS,,STOP STEP PHARMACY,
RMNCAH,CMS,,BECTON DICKINSON INT,
RMNCAH,CMS,,ECOMED SCIENTIFIC,
RMNCAH,CMS,,KAIRABA PHARMACEUTICALS,
RMNCAH,CMS,,YORLAB,
RMNCAH,CMS,,BIO-MED LABORATORY,
RMNCAH,CMS,,GHANA HEALTH SERVICES,
RMNCAH,CMS,,HK MANSARING,
RMNCAH,CMS,,MG WORLDWIDE PVT LTD.,
RMNCAH,CMS,,ONEWORLD ACCURACY,
RMNCAH,CMS,,ASB CLINIC,
RMNCAH,CMS,,EVE'S CONTRACEPTIVE CHOICES,
RMNCAH,CMS,,WORLD BANK,
RMNCAH,CMS,,SURCMS,
RMNCAH,CMS,,TECHNOLOGY TRANSFER MARBURG E.V (TTM),
RMNCAH,CMS,,SVIZERA EUROPE,
RMNCAH,CMS,,TOBINCO PHARMACEUTICALS LTD,
RMNCAH,CMS,,CHILD FUND THE GAMBIA,
RMNCAH,CMS,,ATLAS TRADING MEDICAL,
RMNCAH,CMS,,PHARMANOVA LIMITED,
RMNCAH,CMS,,ALFASIGMA S.P.A,
RMNCAH,CMS,,MULTI-G BVBA,
RMNCAH,CMS,,ASTA,
RMNCAH,CMS,,UNDP/ IAEA/ ANEX WE CARE,
RMNCAH,CMS,,SHEARGOLD LIMITED,
RMNCAH,CMS,,EN-PROJECT,
RMNCAH,CMS,,UMEDICA LABORATORIES PVT. LTD,
RMNCAH,CMS,,AIDA .A. KANDJI,
RMNCAH,CMS,,HUMANWELL PHARMA MALI-SA,
RMNCAH,CMS,,CEPHEID HBDC SAS,
RMNCAH,CMS,,BIOTEST BIOTECH CO. LTD,
RMNCAH,CMS,,SERENBA PHARMACEUTICALS,
RMNCAH,CMS,,STAR PHARMACEUTICALS,
RMNCAH,CMS,,VICTORY PHARMACEUTICALS,
RMNCAH,CMS,,STANDARD SOLUTIONS PHARMACY,
RMNCAH,CMS,,COFARAS PHARMACEUTICALS,
RMNCAH,CMS,,ICA GAMBIA LTD,
RMNCAH,CMS,,JACK MA FOUNDATION,
RMNCAH,CMS,,REPUBLIC OF CHINA,
RMNCAH,CMS,,WEST AFRICAN HEALTH ORGANISATION (WAHO),
RMNCAH,CMS,,INSTITUT PASTEUR DE DAKAR,
RMNCAH,CMS,,MR. JABBI & KOREAN PARTNERS,
RMNCAH,CMS,,MBOWE NGALA,
RMNCAH,CMS,,AU AFRICA CDC,
RMNCAH,CMS,,Mr. MODOU JAGNE,
RMNCAH,CMS,,MINISTRY OF HEALTH,
RMNCAH,CMS,,LABMATE,
RMNCAH,CMS,,TURKEY (TMS),
RMNCAH,CMS,,EMCURE PHARMACEUTICALS LTD,
RMNCAH,CMS,,INDIA GOVERNMENT,
RMNCAH,CMS,,MP BIOMEDICALS ASIA PECIFIC PTE LTD,
RMNCAH,CMS,,UNITED ARAB EMIRATES,
RMNCAH,CMS,,BIO-RAD,
RMNCAH,CMS,,FISHER SCIENTIFIC GMBH,
RMNCAH,CMS,,ISLAMIC WORLD LEAGUE,
RMNCAH,CMS,,SUPPORT OUR OWN,
RMNCAH,CMS,,MINISTRY OF FOREIGN AFFAIRS,
RMNCAH,CMS,,LIFE TECHNOLOGIES LIMITED,
RMNCAH,CMS,,SYSMEX EUROPE GMBH,
RMNCAH,CMS,,MISSION PHARMA,
RMNCAH,CMS,,ALPHA CHEMIKA,
RMNCAH,CMS,,ARKRAY HEALTHCARE PVT. LTD.,
RMNCAH,CMS,,STRATLAB LABORATORY SUPPLIES,
RMNCAH,CMS,,WORLD TRANS & LOGISTICS GMB LTD.,
RMNCAH,CMS,,UN DEVELOPMENT PROGRAM,
RMNCAH,CMS,,GAMBIA RED CROSS SOCIETY,
RMNCAH,CMS,,T & T GLOBAL,
RMNCAH,CMS,,ORTHOPRIMED ENTERPRISE,
RMNCAH,CMS,,WORLD TRANS & LOGISTICS GAMBIA LTD.,
RMNCAH,CMS,,PROJECT AID,
RMNCAH,CMS,,OFFICE OF THE FIRST LADY,
RMNCAH,CMS,,MR. SANYANG (LATRIKUNDA),
RMNCAH,CMS,,ELHELLA COMPANY LIMITED,
RMNCAH,CMS,,GLOBAL FUND/ PFSCM,
RMNCAH,CMS,,KPI HEALTH CARE,
RMNCAH,CMS,,PHARMILY PHARMACY,
RMNCAH,CMS,,WUXI NEST BIOTECHNOLOGY CO.LTD,
RMNCAH,CMS,,KOREAN INTERNATIONAL COOPERATION AGENCY,
RMNCAH,CMS,,SANGOL HOLDING CO.LTD,
RMNCAH,CMS,,IMMY,
RMNCAH,CMS,,WUXI NEST BIOTECHNOLOGY CO. LTD.,
RMNCAH,CMS,,LUMIRADX LABORATORY,
RMNCAH,CMS,,MEDIFF,
RMNCAH,CMS,,AL-NURU PHARMACY LIMITED,
RMNCAH,CMS,,BGI HEALTH (HK) COMPANY LIMITED,
RMNCAH,CMS,,CHINA MEHECO CORPORATION,
RMNCAH,CMS,,S KANT HEALTHCARE LTD,
RMNCAH,CMS,,LDBIO DIAGNOSTICS,
RMNCAH,CMS,,AFRICAN UNION,
RMNCAH,CMS,,WORLD FEDERATION FOR HEMOPHILIA,
RMNCAH,CMS,,MERIL DIAGNOSTICS PRIVATE LIMITED,
RMNCAH,CMS,,MICRO LAB LIMITED,
RMNCAH,CMS,,MEDICAL EXPORT GROUP BV,
RMNCAH,CMS,,ORION PHARMA,
RMNCAH,CMS,,UNFPA,
RMNCAH,CMS,,Donation,
RMNCAH,CMS,,Procured by Facility,
LC,CMS,,MEDICAL RESEARCH COUNCIL,
LC,CMS,,CENTRAL MEDICAL STORE,
LC,CMS,,QIAGEN,
LC,CMS,,CELLTRION PHAM INC,
LC,CMS,,UNDP/ PRIMELAB/ IAEA,
LC,CMS,,UNDP/ TTM/ IAEA,
LC,CMS,,BIONOTE - INC,
LC,CMS,,SUADI ARABIA GIFTS,
LC,CMS,,MEDOPHARM,
LC,CMS,,IBIS PHARMA,
LC,CMS,,AJANTA PHARMA LTD,
LC,CMS,,UNIVERSAL CORPORATION LIMITED,
LC,CMS,,ACCESS BIO INC,
LC,CMS,,Premier Medical Corporation Limited,
LC,CMS,,MILLER & MILLER CHEMICALS LTD,
LC,CMS,,RETURN,
LC,CMS,,EFSTEACHING HOSPITAL,
LC,CMS,,BANSANG HOSPITAL,
LC,CMS,,DURBIN PLC,
LC,CMS,,ACDIMA INTERNATIONAL LTD,
LC,CMS,,UNICEF,
LC,CMS,,MYLAN LABORATORIES LIMITED,
LC,CMS,,IMRES MEDICAL SUPPLIERS,
LC,CMS,,PERMIER MEDICAL CORPORATION LIMITED,
LC,CMS,,PFIZER OVERSEA LLC,
LC,CMS,,IDA FOUNDATION,
LC,CMS,,HINDUSTAN SYRINGES + MEDICAL DEVICES LTD,
LC,CMS,,FRESENIUM KABI,
LC,CMS,,AMSTELFARMA,
LC,CMS,,NATIONAL MALARIA CONTROL PROGRAMME,
LC,CMS,,PHARMACIE NATIONAL D'APPROVISIONMENT DE SENEGAL,
LC,CMS,,CIPLA LIMITED,
LC,CMS,,ABBOTT LOGISTICS B.V.,
LC,CMS,,LUPIN LIMITED,
LC,CMS,,NATIONAL PUBLIC HEALTH LABORATORY,
LC,CMS,,UNIMED INTERNATIONAL LTD,
LC,CMS,,AUROBINDO PHARMA LTD,
LC,CMS,,RANBAXY LABORATORIES LIMITED,
LC,CMS,,CADILA PHARMACEUTICAL,
LC,CMS,,ENRAF-NANIUS B.V.,
LC,CMS,,WORLD HEALTH ORGANISATION,
LC,CMS,,MACLEODS PHARMACEUTICAL LIMITED,
LC,CMS,,DANADAMS PHARMACEUTICALS,
LC,CMS,,MATRIX LOBORATORIES LTD,
LC,CMS,,USAID GHANA,
LC,CMS,,BRUKER,
LC,CMS,,DURBIN PLC,
LC,CMS,,TROPICS INTERNATIONAL EL,
LC,CMS,,UNDP/IAEA (ESCO MICRO PTE LTD),
LC,CMS,,NOVARTIS PHARMA SERVICE,
LC,CMS,,REIG JOFRA LABORATORIES,
LC,CMS,,STRIDES ARCOLAB LTD,
LC,CMS,,DONATION,
LC,CMS,,LABORATOIRE RENAUDIN,
LC,CMS,,Remedica Manufacturing of Pharmaceuticals,
LC,CMS,,HETERO LABS LIMITED,
LC,CMS,,SUN PHARMACEUTICAL INDUSTRIES LTD,
LC,CMS,,GUILIN PHARMACEUTICAL CO. LTD.,
LC,CMS,,ISLAMIC DEVELOPEMENT BANK,
LC,CMS,,BF INTERNATIONAL (HK) LTD,
LC,CMS,,Gem Forgings Private Limited,
LC,CMS,,VERVE HUMAN CARE LABORATORY,
LC,CMS,,ALERE MEDICAL CO. LTD,
LC,CMS,,ENTRANCE PHARMACEUTICAL & RESEARCH CENTRE,
LC,CMS,,STANDARD DIAGNOSTIC INC,
LC,CMS,,MEDICAL PARTNER,
LC,CMS,,SIGMA-TAU,
LC,CMS,,ARYSTA LIFE SCIENCE,
LC,CMS,,ACME FORMULATION,
LC,CMS,,CITY PHARMACY,
LC,CMS,,STOP STEP PHARMACY,
LC,CMS,,BECTON DICKINSON INT,
LC,CMS,,ECOMED SCIENTIFIC,
LC,CMS,,KAIRABA PHARMACEUTICALS,
LC,CMS,,YORLAB,
LC,CMS,,BIO-MED LABORATORY,
LC,CMS,,GHANA HEALTH SERVICES,
LC,CMS,,HK MANSARING,
LC,CMS,,MG WORLDWIDE PVT LTD.,
LC,CMS,,ONEWORLD ACCURACY,
LC,CMS,,ASB CLINIC,
LC,CMS,,EVE'S CONTRACEPTIVE CHOICES,
LC,CMS,,WORLD BANK,
LC,CMS,,SURCMS,
LC,CMS,,TECHNOLOGY TRANSFER MARBURG E.V (TTM),
LC,CMS,,SVIZERA EUROPE,
LC,CMS,,TOBINCO PHARMACEUTICALS LTD,
LC,CMS,,CHILD FUND THE GAMBIA,
LC,CMS,,ATLAS TRADING MEDICAL,
LC,CMS,,PHARMANOVA LIMITED,
LC,CMS,,ALFASIGMA S.P.A,
LC,CMS,,MULTI-G BVBA,
LC,CMS,,ASTA,
LC,CMS,,UNDP/ IAEA/ ANEX WE CARE,
LC,CMS,,SHEARGOLD LIMITED,
LC,CMS,,EN-PROJECT,
LC,CMS,,UMEDICA LABORATORIES PVT. LTD,
LC,CMS,,AIDA .A. KANDJI,
LC,CMS,,HUMANWELL PHARMA MALI-SA,
LC,CMS,,CEPHEID HBDC SAS,
LC,CMS,,BIOTEST BIOTECH CO. LTD,
LC,CMS,,SERENBA PHARMACEUTICALS,
LC,CMS,,STAR PHARMACEUTICALS,
LC,CMS,,VICTORY PHARMACEUTICALS,
LC,CMS,,STANDARD SOLUTIONS PHARMACY,
LC,CMS,,COFARAS PHARMACEUTICALS,
LC,CMS,,ICA GAMBIA LTD,
LC,CMS,,JACK MA FOUNDATION,
LC,CMS,,REPUBLIC OF CHINA,
LC,CMS,,WEST AFRICAN HEALTH ORGANISATION (WAHO),
LC,CMS,,INSTITUT PASTEUR DE DAKAR,
LC,CMS,,MR. JABBI & KOREAN PARTNERS,
LC,CMS,,MBOWE NGALA,
LC,CMS,,AU AFRICA CDC,
LC,CMS,,Mr. MODOU JAGNE,
LC,CMS,,MINISTRY OF HEALTH,
LC,CMS,,LABMATE,
LC,CMS,,TURKEY (TMS),
LC,CMS,,EMCURE PHARMACEUTICALS LTD,
LC,CMS,,INDIA GOVERNMENT,
LC,CMS,,MP BIOMEDICALS ASIA PECIFIC PTE LTD,
LC,CMS,,UNITED ARAB EMIRATES,
LC,CMS,,BIO-RAD,
LC,CMS,,FISHER SCIENTIFIC GMBH,
LC,CMS,,ISLAMIC WORLD LEAGUE,
LC,CMS,,SUPPORT OUR OWN,
LC,CMS,,MINISTRY OF FOREIGN AFFAIRS,
LC,CMS,,LIFE TECHNOLOGIES LIMITED,
LC,CMS,,SYSMEX EUROPE GMBH,
LC,CMS,,MISSION PHARMA,
LC,CMS,,ALPHA CHEMIKA,
LC,CMS,,ARKRAY HEALTHCARE PVT. LTD.,
LC,CMS,,STRATLAB LABORATORY SUPPLIES,
LC,CMS,,WORLD TRANS & LOGISTICS GMB LTD.,
LC,CMS,,UN DEVELOPMENT PROGRAM,
LC,CMS,,GAMBIA RED CROSS SOCIETY,
LC,CMS,,T & T GLOBAL,
LC,CMS,,ORTHOPRIMED ENTERPRISE,
LC,CMS,,WORLD TRANS & LOGISTICS GAMBIA LTD.,
LC,CMS,,PROJECT AID,
LC,CMS,,OFFICE OF THE FIRST LADY,
LC,CMS,,MR. SANYANG (LATRIKUNDA),
LC,CMS,,ELHELLA COMPANY LIMITED,
LC,CMS,,GLOBAL FUND/ PFSCM,
LC,CMS,,KPI HEALTH CARE,
LC,CMS,,PHARMILY PHARMACY,
LC,CMS,,WUXI NEST BIOTECHNOLOGY CO.LTD,
LC,CMS,,KOREAN INTERNATIONAL COOPERATION AGENCY,
LC,CMS,,SANGOL HOLDING CO.LTD,
LC,CMS,,IMMY,
LC,CMS,,WUXI NEST BIOTECHNOLOGY CO. LTD.,
LC,CMS,,LUMIRADX LABORATORY,
LC,CMS,,MEDIFF,
LC,CMS,,AL-NURU PHARMACY LIMITED,
LC,CMS,,BGI HEALTH (HK) COMPANY LIMITED,
LC,CMS,,CHINA MEHECO CORPORATION,
LC,CMS,,S KANT HEALTHCARE LTD,
LC,CMS,,LDBIO DIAGNOSTICS,
LC,CMS,,AFRICAN UNION,
LC,CMS,,WORLD FEDERATION FOR HEMOPHILIA,
LC,CMS,,MERIL DIAGNOSTICS PRIVATE LIMITED,
LC,CMS,,MICRO LAB LIMITED,
LC,CMS,,MEDICAL EXPORT GROUP BV,
LC,CMS,,ORION PHARMA,
LC,CMS,,UNFPA,
LC,CMS,,Donation,
LC,CMS,,Procured by Facility,
EM,DHSP,GCMS,,
HIV,DHSP,GCMS,,
LC,DHSP,GCMS,,
MLA,DHSP,GCMS,,
RMNCAH,DHSP,GCMS,,
TB,DHSP,GCMS,,
EM,MJHCC,WHR1RMS,,
EM,MJHCC,WHR2RMS,,
EM,MJHCC,NBERRMS,,
EM,MJHCC,NBWRRMS,,
EM,MJHCC,LRRRMS,,
EM,MJHCC,URRRMS,,
EM,MJHCC,CRRRMS,,
HIV,MJHCC,WHR1RMS,,
HIV,MJHCC,WHR2RMS,,
HIV,MJHCC,NBERRMS,,
HIV,MJHCC,NBWRRMS,,
HIV,MJHCC,LRRRMS,,
HIV,MJHCC,URRRMS,,
HIV,MJHCC,CRRRMS,,
LC,MJHCC,WHR1RMS,,
LC,MJHCC,WHR2RMS,,
LC,MJHCC,NBERRMS,,
LC,MJHCC,NBWRRMS,,
LC,MJHCC,LRRRMS,,
LC,MJHCC,URRRMS,,
LC,MJHCC,CRRRMS,,
MLA,MJHCC,WHR1RMS,,
MLA,MJHCC,WHR2RMS,,
MLA,MJHCC,NBERRMS,,
MLA,MJHCC,NBWRRMS,,
MLA,MJHCC,LRRRMS,,
MLA,MJHCC,URRRMS,,
MLA,MJHCC,CRRRMS,,
RMNCAH,MJHCC,WHR1RMS,,
RMNCAH,MJHCC,WHR2RMS,,
RMNCAH,MJHCC,NBERRMS,,
RMNCAH,MJHCC,NBWRRMS,,
RMNCAH,MJHCC,LRRRMS,,
RMNCAH,MJHCC,URRRMS,,
RMNCAH,MJHCC,CRRRMS,,
TB,MJHCC,WHR1RMS,,
TB,MJHCC,WHR2RMS,,
TB,MJHCC,NBERRMS,,
TB,MJHCC,NBWRRMS,,
TB,MJHCC,LRRRMS,,
TB,MJHCC,URRRMS,,
TB,MJHCC,CRRRMS,,
EM,MNHCC,WHR1RMS,,
EM,MNHCC,WHR2RMS,,
EM,MNHCC,NBERRMS,,
EM,MNHCC,NBWRRMS,,
EM,MNHCC,LRRRMS,,
EM,MNHCC,URRRMS,,
EM,MNHCC,CRRRMS,,
HIV,MNHCC,WHR1RMS,,
HIV,MNHCC,WHR2RMS,,
HIV,MNHCC,NBERRMS,,
HIV,MNHCC,NBWRRMS,,
HIV,MNHCC,LRRRMS,,
HIV,MNHCC,URRRMS,,
HIV,MNHCC,CRRRMS,,
LC,MNHCC,WHR1RMS,,
LC,MNHCC,WHR2RMS,,
LC,MNHCC,NBERRMS,,
LC,MNHCC,NBWRRMS,,
LC,MNHCC,LRRRMS,,
LC,MNHCC,URRRMS,,
LC,MNHCC,CRRRMS,,
MLA,MNHCC,WHR1RMS,,
MLA,MNHCC,WHR2RMS,,
MLA,MNHCC,NBERRMS,,
MLA,MNHCC,NBWRRMS,,
MLA,MNHCC,LRRRMS,,
MLA,MNHCC,URRRMS,,
MLA,MNHCC,CRRRMS,,
RMNCAH,MNHCC,WHR1RMS,,
RMNCAH,MNHCC,WHR2RMS,,
RMNCAH,MNHCC,NBERRMS,,
RMNCAH,MNHCC,NBWRRMS,,
RMNCAH,MNHCC,LRRRMS,,
RMNCAH,MNHCC,URRRMS,,
RMNCAH,MNHCC,CRRRMS,,
TB,MNHCC,WHR1RMS,,
TB,MNHCC,WHR2RMS,,
TB,MNHCC,NBERRMS,,
TB,MNHCC,NBWRRMS,,
TB,MNHCC,LRRRMS,,
TB,MNHCC,URRRMS,,
TB,MNHCC,CRRRMS,,
EM,RMS,GCMS,,
HIV,RMS,GCMS,,
LC,RMS,GCMS,,
MLA,RMS,GCMS,,
RMNCAH,RMS,GCMS,,
TB,RMS,GCMS,,
EM,RMS,,Procured by Facility,
HIV,RMS,,Procured by Facility,
TB,RMS,,Procured by Facility,
MLA,RMS,,Procured by Facility,
RMNCAH,RMS,,Procured by Facility,
LC,RMS,,Procured by Facility,
EM,GHSP,GCMS,,
HIV,GHSP,GCMS,,
LC,GHSP,GCMS,,
MLA,GHSP,GCMS,,
RMNCAH,GHSP,GCMS,,
TB,GHSP,GCMS,,
EM,MNHCC,,Procured by Facility,
HIV,MNHCC,,Procured by Facility,
TB,MNHCC,,Procured by Facility,
MLA,MNHCC,,Procured by Facility,
RMNCAH,MNHCC,,Procured by Facility,
LC,MNHCC,,Procured by Facility,
EM,MJHCC,,Procured by Facility,
HIV,MJHCC,,Procured by Facility,
TB,MJHCC,,Procured by Facility,
MLA,MJHCC,,Procured by Facility,MJHCC
RMNCAH,MJHCC,,Procured by Facility,
LC,MJHCC,,Procured by Facility,
EM,MNHCC,,Donation,
HIV,MNHCC,,Donation,
TB,MNHCC,,Donation,
MLA,MNHCC,,Donation,
RMNCAH,MNHCC,,Donation,
LC,MNHCC,,Donation,
EM,MJHCC,,Donation,
HIV,MJHCC,,Donation,
TB,MJHCC,,Donation,
MLA,MJHCC,,Donation,
RMNCAH,MJHCC,,Donation,
LC,MJHCC,,Donation,
EM,GHSP,,Procured by Facility,
HIV,GHSP,,Procured by Facility,
TB,GHSP,,Procured by Facility,
MLA,GHSP,,Procured by Facility,
RMNCAH,GHSP,,Procured by Facility,
LC,GHSP,,Procured by Facility,
EM,DHSP,,Procured by Facility,
HIV,DHSP,,Procured by Facility,
TB,DHSP,,Procured by Facility,
MLA,DHSP,,Procured by Facility,
RMNCAH,DHSP,,Procured by Facility,
LC,DHSP,,Procured by Facility,
EM,RMS,,Donation,
HIV,RMS,,Donation,
TB,RMS,,Donation,
MLA,RMS,,Donation,
RMNCAH,RMS,,Donation,
LC,RMS,,Donation,
EM,DHSP,,Donation,
HIV,DHSP,,Donation,
TB,DHSP,,Donation,
MLA,DHSP,,Donation,
RMNCAH,DHSP,,Donation,
LC,DHSP,,Donation,
EM,GHSP,,Donation,
HIV,GHSP,,Donation,
TB,GHSP,,Donation,
MLA,GHSP,,Donation,
RMNCAH,GHSP,,Donation,
LC,GHSP,,Donation,
EM,THSP,GCMS,,
HIV,THSP,GCMS,,
LC,THSP,GCMS,,
MLA,THSP,GCMS,,
RMNCAH,THSP,GCMS,,
TB,THSP,GCMS,,
EM,THSP,,Procured by Facility,
HIV,THSP,,Procured by Facility,
TB,THSP,,Procured by Facility,
MLA,THSP,,Procured by Facility,
RMNCAH,THSP,,Procured by Facility,
LC,THSP,,Procured by Facility,
EM,THSP,,Donation,
HIV,THSP,,Donation,
TB,THSP,,Donation,
MLA,THSP,,Donation,
RMNCAH,THSP,,Donation,
LC,THSP,,Donation,